label,phase,epoch,loss,matrix,layer,head,shape,cond,eff_rank_50,sv_max,sv_min,sv_mean
w64_ep7_m1,w64,7,6.092,Q,0,0,"(256, 64)",2.827263593673706,26,2.9868555068969727,1.0564475059509277,1.9370558261871338
w64_ep7_m1,w64,7,6.092,Q,0,1,"(256, 64)",2.9531447887420654,26,2.993680238723755,1.0137262344360352,1.943288803100586
w64_ep7_m1,w64,7,6.092,Q,0,2,"(256, 64)",3.014895439147949,25,2.960481882095337,0.9819517731666565,1.9287121295928955
w64_ep7_m1,w64,7,6.092,Q,0,3,"(256, 64)",2.8268823623657227,26,3.0277819633483887,1.0710675716400146,1.9386461973190308
w64_ep7_m1,w64,7,6.092,K,0,0,"(256, 64)",2.968301773071289,26,3.0009942054748535,1.0110138654708862,1.9310106039047241
w64_ep7_m1,w64,7,6.092,K,0,1,"(256, 64)",2.8198344707489014,26,3.0074214935302734,1.0665241479873657,1.93691086769104
w64_ep7_m1,w64,7,6.092,K,0,2,"(256, 64)",2.8425588607788086,26,2.993134021759033,1.0529717206954956,1.9452208280563354
w64_ep7_m1,w64,7,6.092,K,0,3,"(256, 64)",2.7198565006256104,25,2.9368796348571777,1.0797921419143677,1.9305732250213623
w64_ep7_m1,w64,7,6.092,V,0,0,"(256, 64)",2.7669789791107178,25,2.9263663291931152,1.057603359222412,1.9297882318496704
w64_ep7_m1,w64,7,6.092,V,0,1,"(256, 64)",2.9506964683532715,25,2.9753334522247314,1.0083495378494263,1.937456488609314
w64_ep7_m1,w64,7,6.092,V,0,2,"(256, 64)",2.941803455352783,25,2.935019016265869,0.9976937770843506,1.9305822849273682
w64_ep7_m1,w64,7,6.092,V,0,3,"(256, 64)",2.9147496223449707,25,2.945619583129883,1.01059091091156,1.9310181140899658
w64_ep7_m1,w64,7,6.092,Wo,0,-1,"(256, 256)",6024.0869140625,63,2.159432888031006,0.0003584664373192936,0.8162375092506409
w64_ep7_m1,w64,7,6.092,FFN_up,0,-1,"(1024, 256)",5.778295993804932,99,3.6051650047302246,0.623914897441864,1.2245659828186035
w64_ep7_m1,w64,7,6.092,FFN_down,0,-1,"(256, 1024)",10.414389610290527,83,3.1630916595458984,0.30372318625450134,0.7608038783073425
w64_ep7_m1,w64,7,6.092,Q,1,0,"(256, 64)",2.899362087249756,26,3.010748863220215,1.0384176969528198,1.9487793445587158
w64_ep7_m1,w64,7,6.092,Q,1,1,"(256, 64)",2.837956190109253,26,2.866746425628662,1.0101447105407715,1.938773512840271
w64_ep7_m1,w64,7,6.092,Q,1,2,"(256, 64)",2.805659532546997,26,3.0259761810302734,1.0785257816314697,1.9323530197143555
w64_ep7_m1,w64,7,6.092,Q,1,3,"(256, 64)",2.834352493286133,26,2.9543373584747314,1.042332410812378,1.9326375722885132
w64_ep7_m1,w64,7,6.092,K,1,0,"(256, 64)",2.9353721141815186,26,2.9383597373962402,1.0010178089141846,1.941035509109497
w64_ep7_m1,w64,7,6.092,K,1,1,"(256, 64)",2.8331298828125,26,2.951068878173828,1.0416284799575806,1.9488601684570312
w64_ep7_m1,w64,7,6.092,K,1,2,"(256, 64)",2.7776541709899902,26,2.915480852127075,1.0496197938919067,1.9422297477722168
w64_ep7_m1,w64,7,6.092,K,1,3,"(256, 64)",3.017143964767456,25,2.988262414932251,0.9904274940490723,1.9329240322113037
w64_ep7_m1,w64,7,6.092,V,1,0,"(256, 64)",3.008988618850708,25,2.947209119796753,0.9794683456420898,1.921884298324585
w64_ep7_m1,w64,7,6.092,V,1,1,"(256, 64)",2.962266445159912,25,2.9358153343200684,0.9910706281661987,1.9283545017242432
w64_ep7_m1,w64,7,6.092,V,1,2,"(256, 64)",2.704019069671631,26,2.873542070388794,1.0626929998397827,1.9428553581237793
w64_ep7_m1,w64,7,6.092,V,1,3,"(256, 64)",2.9235379695892334,26,2.9653425216674805,1.0142992734909058,1.9420385360717773
w64_ep7_m1,w64,7,6.092,Wo,1,-1,"(256, 256)",258.1453552246094,71,2.0456557273864746,0.007924433797597885,0.8468775749206543
w64_ep7_m1,w64,7,6.092,FFN_up,1,-1,"(1024, 256)",4.431343078613281,100,2.6796653270721436,0.6047072410583496,1.14423406124115
w64_ep7_m1,w64,7,6.092,FFN_down,1,-1,"(256, 1024)",7.838799476623535,92,2.5162017345428467,0.32099324464797974,0.6963825821876526
w64_ep7_m1,w64,7,6.092,Q,2,0,"(256, 64)",2.8327512741088867,26,2.8600358963012695,1.009631872177124,1.9212167263031006
w64_ep7_m1,w64,7,6.092,Q,2,1,"(256, 64)",2.9699463844299316,26,3.0107271671295166,1.0137311220169067,1.9385578632354736
w64_ep7_m1,w64,7,6.092,Q,2,2,"(256, 64)",2.9505715370178223,25,2.9719884395599365,1.0072585344314575,1.9103286266326904
w64_ep7_m1,w64,7,6.092,Q,2,3,"(256, 64)",2.9041008949279785,26,2.979912281036377,1.0261049270629883,1.9313324689865112
w64_ep7_m1,w64,7,6.092,K,2,0,"(256, 64)",2.6769816875457764,26,2.924694538116455,1.0925344228744507,1.9298241138458252
w64_ep7_m1,w64,7,6.092,K,2,1,"(256, 64)",2.836250066757202,26,2.9695541858673096,1.0470001697540283,1.9466767311096191
w64_ep7_m1,w64,7,6.092,K,2,2,"(256, 64)",2.9842164516448975,26,2.9782886505126953,0.9980136156082153,1.9201769828796387
w64_ep7_m1,w64,7,6.092,K,2,3,"(256, 64)",2.8582849502563477,26,2.8932909965515137,1.0122472047805786,1.933796763420105
w64_ep7_m1,w64,7,6.092,V,2,0,"(256, 64)",2.7193422317504883,26,2.9992997646331787,1.1029504537582397,1.953894853591919
w64_ep7_m1,w64,7,6.092,V,2,1,"(256, 64)",2.896721839904785,26,2.9977269172668457,1.0348687171936035,1.9278080463409424
w64_ep7_m1,w64,7,6.092,V,2,2,"(256, 64)",2.6993608474731445,26,2.975916624069214,1.102452278137207,1.9471819400787354
w64_ep7_m1,w64,7,6.092,V,2,3,"(256, 64)",2.7947967052459717,26,2.868415355682373,1.0263413190841675,1.9275181293487549
w64_ep7_m1,w64,7,6.092,Wo,2,-1,"(256, 256)",2160.106201171875,71,2.0217041969299316,0.0009359281393699348,0.8531872034072876
w64_ep7_m1,w64,7,6.092,FFN_up,2,-1,"(1024, 256)",5.372164726257324,102,3.337968587875366,0.6213451623916626,1.1672993898391724
w64_ep7_m1,w64,7,6.092,FFN_down,2,-1,"(256, 1024)",6.254709720611572,95,2.0709195137023926,0.33109763264656067,0.7681084871292114
w64_ep7_m1,w64,7,6.092,Q,3,0,"(256, 64)",2.971734046936035,26,2.9810166358947754,1.0031236410140991,1.940802812576294
w64_ep7_m1,w64,7,6.092,Q,3,1,"(256, 64)",2.7778918743133545,26,2.873370409011841,1.0343708992004395,1.936273217201233
w64_ep7_m1,w64,7,6.092,Q,3,2,"(256, 64)",2.8603694438934326,26,2.894200086593628,1.0118273496627808,1.9103525876998901
w64_ep7_m1,w64,7,6.092,Q,3,3,"(256, 64)",2.867220640182495,26,2.8860158920288086,1.006555199623108,1.9391762018203735
w64_ep7_m1,w64,7,6.092,K,3,0,"(256, 64)",2.835387945175171,26,2.9417223930358887,1.037502646446228,1.9446070194244385
w64_ep7_m1,w64,7,6.092,K,3,1,"(256, 64)",2.976264476776123,26,3.0020058155059814,1.0086488723754883,1.937070608139038
w64_ep7_m1,w64,7,6.092,K,3,2,"(256, 64)",3.036424398422241,25,2.991764783859253,0.9852920174598694,1.9268039464950562
w64_ep7_m1,w64,7,6.092,K,3,3,"(256, 64)",3.0424771308898926,26,3.067101240158081,1.0080934762954712,1.9235363006591797
w64_ep7_m1,w64,7,6.092,V,3,0,"(256, 64)",3.047024726867676,25,2.862650156021118,0.9394903182983398,1.9222692251205444
w64_ep7_m1,w64,7,6.092,V,3,1,"(256, 64)",2.9193620681762695,26,2.974931478500366,1.019034743309021,1.945454716682434
w64_ep7_m1,w64,7,6.092,V,3,2,"(256, 64)",2.7730469703674316,26,2.948324680328369,1.0632076263427734,1.949337124824524
w64_ep7_m1,w64,7,6.092,V,3,3,"(256, 64)",2.8736255168914795,26,2.9814565181732178,1.0375243425369263,1.9406323432922363
w64_ep7_m1,w64,7,6.092,Wo,3,-1,"(256, 256)",757.4664306640625,71,2.0279645919799805,0.0026772995479404926,0.8522255420684814
w64_ep7_m1,w64,7,6.092,FFN_up,3,-1,"(1024, 256)",3.7926950454711914,104,2.5293288230895996,0.6668948531150818,1.1917245388031006
w64_ep7_m1,w64,7,6.092,FFN_down,3,-1,"(256, 1024)",6.958451271057129,103,2.698805093765259,0.3878456652164459,0.7485885620117188
w64_ep7_m1,w64,7,6.092,Q,4,0,"(256, 64)",2.873664617538452,26,3.0265681743621826,1.053208589553833,1.943068027496338
w64_ep7_m1,w64,7,6.092,Q,4,1,"(256, 64)",2.816331624984741,26,2.9435336589813232,1.0451658964157104,1.94032621383667
w64_ep7_m1,w64,7,6.092,Q,4,2,"(256, 64)",2.73801326751709,26,2.8613033294677734,1.0450290441513062,1.9242985248565674
w64_ep7_m1,w64,7,6.092,Q,4,3,"(256, 64)",2.8120453357696533,25,2.9875128269195557,1.0623985528945923,1.9435641765594482
w64_ep7_m1,w64,7,6.092,K,4,0,"(256, 64)",2.7454030513763428,26,2.985354423522949,1.0874011516571045,1.9393165111541748
w64_ep7_m1,w64,7,6.092,K,4,1,"(256, 64)",2.8151943683624268,26,2.966449499130249,1.0537281036376953,1.9394848346710205
w64_ep7_m1,w64,7,6.092,K,4,2,"(256, 64)",2.774794340133667,26,2.901090145111084,1.0455154180526733,1.926910161972046
w64_ep7_m1,w64,7,6.092,K,4,3,"(256, 64)",2.8354930877685547,26,2.933964967727661,1.0347282886505127,1.914427638053894
w64_ep7_m1,w64,7,6.092,V,4,0,"(256, 64)",2.9061853885650635,26,2.9367268085479736,1.0105091333389282,1.9353771209716797
w64_ep7_m1,w64,7,6.092,V,4,1,"(256, 64)",2.915128231048584,26,2.9170141220092773,1.000646948814392,1.9337074756622314
w64_ep7_m1,w64,7,6.092,V,4,2,"(256, 64)",2.85402512550354,26,2.9231629371643066,1.0242246389389038,1.9403517246246338
w64_ep7_m1,w64,7,6.092,V,4,3,"(256, 64)",2.8235483169555664,26,2.9603796005249023,1.0484607219696045,1.9324207305908203
w64_ep7_m1,w64,7,6.092,Wo,4,-1,"(256, 256)",1365.0887451171875,70,2.1081488132476807,0.0015443309675902128,0.8505667448043823
w64_ep7_m1,w64,7,6.092,FFN_up,4,-1,"(1024, 256)",3.2594685554504395,100,1.978618860244751,0.6070372462272644,1.187922477722168
w64_ep7_m1,w64,7,6.092,FFN_down,4,-1,"(256, 1024)",12.09970760345459,98,3.4003188610076904,0.28102487325668335,0.7069166302680969
w64_ep7_m1,w64,7,6.092,Q,5,0,"(256, 64)",2.7009923458099365,26,2.8786191940307617,1.0657635927200317,1.9328711032867432
w64_ep7_m1,w64,7,6.092,Q,5,1,"(256, 64)",2.9091291427612305,26,2.9141104221343994,1.0017123222351074,1.916717767715454
w64_ep7_m1,w64,7,6.092,Q,5,2,"(256, 64)",2.9153618812561035,26,2.9533004760742188,1.0130133628845215,1.9563181400299072
w64_ep7_m1,w64,7,6.092,Q,5,3,"(256, 64)",2.764876127243042,26,2.908170461654663,1.0518267154693604,1.9348859786987305
w64_ep7_m1,w64,7,6.092,K,5,0,"(256, 64)",2.8380980491638184,26,2.950019121170044,1.0394352674484253,1.953787922859192
w64_ep7_m1,w64,7,6.092,K,5,1,"(256, 64)",2.823253631591797,26,2.9634909629821777,1.049672245979309,1.904126763343811
w64_ep7_m1,w64,7,6.092,K,5,2,"(256, 64)",2.7580525875091553,25,2.9111104011535645,1.0554949045181274,1.9225163459777832
w64_ep7_m1,w64,7,6.092,K,5,3,"(256, 64)",2.8136255741119385,26,2.866199016571045,1.0186853408813477,1.9218246936798096
w64_ep7_m1,w64,7,6.092,V,5,0,"(256, 64)",2.818899393081665,26,2.981884717941284,1.0578187704086304,1.9298295974731445
w64_ep7_m1,w64,7,6.092,V,5,1,"(256, 64)",2.9680705070495605,26,2.9514122009277344,0.9943875074386597,1.923523187637329
w64_ep7_m1,w64,7,6.092,V,5,2,"(256, 64)",2.9078426361083984,25,2.9230051040649414,1.0052143335342407,1.9290175437927246
w64_ep7_m1,w64,7,6.092,V,5,3,"(256, 64)",3.123878002166748,26,2.959527015686035,0.9473888278007507,1.9328502416610718
w64_ep7_m1,w64,7,6.092,Wo,5,-1,"(256, 256)",515.0236206054688,71,2.024015426635742,0.003929946571588516,0.8498356938362122
w64_ep7_m1,w64,7,6.092,FFN_up,5,-1,"(1024, 256)",3.0596582889556885,101,1.9472936391830444,0.6364415287971497,1.1880004405975342
w64_ep7_m1,w64,7,6.092,FFN_down,5,-1,"(256, 1024)",14.935260772705078,87,3.4544079303741455,0.23129211366176605,0.6769284605979919
w64_ep7_m1,w64,7,6.092,Q,6,0,"(256, 64)",2.969219923019409,26,2.928668737411499,0.9863428473472595,1.9291508197784424
w64_ep7_m1,w64,7,6.092,Q,6,1,"(256, 64)",2.7448902130126953,25,3.0010886192321777,1.0933364629745483,1.9346431493759155
w64_ep7_m1,w64,7,6.092,Q,6,2,"(256, 64)",2.9610207080841064,26,2.9248180389404297,0.987773597240448,1.9314680099487305
w64_ep7_m1,w64,7,6.092,Q,6,3,"(256, 64)",2.959418773651123,26,2.957071542739868,0.9992068409919739,1.9409539699554443
w64_ep7_m1,w64,7,6.092,K,6,0,"(256, 64)",2.918222188949585,26,2.929547071456909,1.0038807392120361,1.9450874328613281
w64_ep7_m1,w64,7,6.092,K,6,1,"(256, 64)",2.7524538040161133,26,2.91916561126709,1.0605684518814087,1.9274667501449585
w64_ep7_m1,w64,7,6.092,K,6,2,"(256, 64)",2.6967735290527344,26,2.925476312637329,1.0848060846328735,1.9394892454147339
w64_ep7_m1,w64,7,6.092,K,6,3,"(256, 64)",2.828186511993408,26,2.948072671890259,1.0423897504806519,1.954030990600586
w64_ep7_m1,w64,7,6.092,V,6,0,"(256, 64)",2.8722333908081055,26,2.919908285140991,1.0165985822677612,1.9395086765289307
w64_ep7_m1,w64,7,6.092,V,6,1,"(256, 64)",2.8637754917144775,26,2.996306896209717,1.0462785959243774,1.9313539266586304
w64_ep7_m1,w64,7,6.092,V,6,2,"(256, 64)",2.8312771320343018,26,2.9309356212615967,1.0351991653442383,1.9405831098556519
w64_ep7_m1,w64,7,6.092,V,6,3,"(256, 64)",2.835798740386963,26,2.956071376800537,1.042412281036377,1.9355230331420898
w64_ep7_m1,w64,7,6.092,Wo,6,-1,"(256, 256)",37681.921875,71,2.0055387020111084,5.3222836868371814e-05,0.8549162149429321
w64_ep7_m1,w64,7,6.092,FFN_up,6,-1,"(1024, 256)",4.235193729400635,99,2.571553945541382,0.6071868538856506,1.1762176752090454
w64_ep7_m1,w64,7,6.092,FFN_down,6,-1,"(256, 1024)",7.341904640197754,90,2.399035930633545,0.32675933837890625,0.7187449336051941
w64_ep7_m1,w64,7,6.092,Q,7,0,"(256, 64)",2.917640209197998,26,2.9652957916259766,1.0163335800170898,1.922400951385498
w64_ep7_m1,w64,7,6.092,Q,7,1,"(256, 64)",2.8682286739349365,26,2.9281985759735107,1.0209083557128906,1.9449039697647095
w64_ep7_m1,w64,7,6.092,Q,7,2,"(256, 64)",2.960857391357422,25,3.017782688140869,1.0192259550094604,1.9573668241500854
w64_ep7_m1,w64,7,6.092,Q,7,3,"(256, 64)",2.7384324073791504,26,2.9302361011505127,1.0700414180755615,1.9374792575836182
w64_ep7_m1,w64,7,6.092,K,7,0,"(256, 64)",2.914003610610962,25,2.996466875076294,1.0282989740371704,1.931626558303833
w64_ep7_m1,w64,7,6.092,K,7,1,"(256, 64)",2.8397252559661865,26,2.9890623092651367,1.0525885820388794,1.9342191219329834
w64_ep7_m1,w64,7,6.092,K,7,2,"(256, 64)",2.7689285278320312,26,2.9288835525512695,1.0577678680419922,1.9439927339553833
w64_ep7_m1,w64,7,6.092,K,7,3,"(256, 64)",2.7439332008361816,25,2.9467036724090576,1.0738977193832397,1.918553113937378
w64_ep7_m1,w64,7,6.092,V,7,0,"(256, 64)",2.837993860244751,26,3.0246942043304443,1.0657860040664673,1.937146782875061
w64_ep7_m1,w64,7,6.092,V,7,1,"(256, 64)",3.0742433071136475,26,3.1321911811828613,1.018849492073059,1.9588477611541748
w64_ep7_m1,w64,7,6.092,V,7,2,"(256, 64)",2.871279001235962,26,2.8825862407684326,1.00393807888031,1.9181569814682007
w64_ep7_m1,w64,7,6.092,V,7,3,"(256, 64)",2.86633563041687,26,3.0208027362823486,1.0538901090621948,1.9452571868896484
w64_ep7_m1,w64,7,6.092,Wo,7,-1,"(256, 256)",498.8011474609375,71,2.062267780303955,0.0041344487108290195,0.8560892939567566
w64_ep7_m1,w64,7,6.092,FFN_up,7,-1,"(1024, 256)",7.2396368980407715,99,4.339090824127197,0.5993520021438599,1.1702042818069458
w64_ep7_m1,w64,7,6.092,FFN_down,7,-1,"(256, 1024)",25.835634231567383,84,7.779729843139648,0.3011240065097809,0.6885085701942444
w128_ep1_m1,w128,1,5.9181,Q,0,0,"(256, 64)",2.82667875289917,26,2.9856793880462646,1.056249976158142,1.9370840787887573
w128_ep1_m1,w128,1,5.9181,Q,0,1,"(256, 64)",2.954930543899536,26,2.993434190750122,1.0130302906036377,1.943269968032837
w128_ep1_m1,w128,1,5.9181,Q,0,2,"(256, 64)",3.022704839706421,25,2.960941791534424,0.9795669317245483,1.9286525249481201
w128_ep1_m1,w128,1,5.9181,Q,0,3,"(256, 64)",2.826873540878296,26,3.0277020931243896,1.0710426568984985,1.9386632442474365
w128_ep1_m1,w128,1,5.9181,K,0,0,"(256, 64)",2.9602980613708496,26,3.0008177757263184,1.0136877298355103,1.931023359298706
w128_ep1_m1,w128,1,5.9181,K,0,1,"(256, 64)",2.822934150695801,26,3.009948968887329,1.0662484169006348,1.9368798732757568
w128_ep1_m1,w128,1,5.9181,K,0,2,"(256, 64)",2.8404297828674316,26,2.9906842708587646,1.0528985261917114,1.9452955722808838
w128_ep1_m1,w128,1,5.9181,K,0,3,"(256, 64)",2.718113899230957,25,2.9357717037200928,1.080076813697815,1.9305853843688965
w128_ep1_m1,w128,1,5.9181,V,0,0,"(256, 64)",2.764507532119751,25,2.9259557723999023,1.0584003925323486,1.92972731590271
w128_ep1_m1,w128,1,5.9181,V,0,1,"(256, 64)",2.958582639694214,25,2.9756715297698975,1.005776047706604,1.9373269081115723
w128_ep1_m1,w128,1,5.9181,V,0,2,"(256, 64)",2.941408157348633,25,2.9340384006500244,0.9974945187568665,1.9304494857788086
w128_ep1_m1,w128,1,5.9181,V,0,3,"(256, 64)",2.918792247772217,25,2.9472768306732178,1.0097590684890747,1.930924415588379
w128_ep1_m1,w128,1,5.9181,Wo,0,-1,"(256, 256)",4343.3525390625,61,2.1783204078674316,0.0005015297210775316,0.8036986589431763
w128_ep1_m1,w128,1,5.9181,FFN_up,0,-1,"(1024, 256)",5.769654273986816,99,3.589932680130005,0.6222093105316162,1.2241041660308838
w128_ep1_m1,w128,1,5.9181,FFN_down,0,-1,"(256, 1024)",10.755488395690918,82,3.0727808475494385,0.2856942117214203,0.7674593925476074
w128_ep1_m1,w128,1,5.9181,Q,1,0,"(256, 64)",2.8991847038269043,26,3.0107357501983643,1.0384767055511475,1.9487768411636353
w128_ep1_m1,w128,1,5.9181,Q,1,1,"(256, 64)",2.8382773399353027,26,2.8667609691619873,1.010035514831543,1.938765048980713
w128_ep1_m1,w128,1,5.9181,Q,1,2,"(256, 64)",2.8055572509765625,26,3.0260088443756104,1.0785768032073975,1.93235445022583
w128_ep1_m1,w128,1,5.9181,Q,1,3,"(256, 64)",2.8346753120422363,26,2.954368829727173,1.0422247648239136,1.9326496124267578
w128_ep1_m1,w128,1,5.9181,K,1,0,"(256, 64)",2.9352781772613525,26,2.9383962154388428,1.001062273979187,1.9410364627838135
w128_ep1_m1,w128,1,5.9181,K,1,1,"(256, 64)",2.8334949016571045,26,2.951155185699463,1.0415247678756714,1.948857069015503
w128_ep1_m1,w128,1,5.9181,K,1,2,"(256, 64)",2.7781965732574463,26,2.915347099304199,1.0493667125701904,1.9422295093536377
w128_ep1_m1,w128,1,5.9181,K,1,3,"(256, 64)",3.0170905590057373,25,2.9882829189300537,0.9904518723487854,1.9329240322113037
w128_ep1_m1,w128,1,5.9181,V,1,0,"(256, 64)",3.0213382244110107,25,2.950809955596924,0.9766566157341003,1.9220057725906372
w128_ep1_m1,w128,1,5.9181,V,1,1,"(256, 64)",2.967998743057251,25,2.936353921890259,0.9893379807472229,1.9283325672149658
w128_ep1_m1,w128,1,5.9181,V,1,2,"(256, 64)",2.7108399868011475,26,2.8746373653411865,1.0604231357574463,1.942641019821167
w128_ep1_m1,w128,1,5.9181,V,1,3,"(256, 64)",2.920642375946045,26,2.964595317840576,1.0150490999221802,1.9421634674072266
w128_ep1_m1,w128,1,5.9181,Wo,1,-1,"(256, 256)",653.1683959960938,71,2.0516140460968018,0.0031410185620188713,0.8471267223358154
w128_ep1_m1,w128,1,5.9181,FFN_up,1,-1,"(1024, 256)",4.361967086791992,100,2.6702044010162354,0.6121560335159302,1.1448981761932373
w128_ep1_m1,w128,1,5.9181,FFN_down,1,-1,"(256, 1024)",7.78080415725708,91,2.460148572921753,0.3161817789077759,0.7070722579956055
w128_ep1_m1,w128,1,5.9181,Q,2,0,"(256, 64)",2.8327081203460693,26,2.8600544929504395,1.0096538066864014,1.921217918395996
w128_ep1_m1,w128,1,5.9181,Q,2,1,"(256, 64)",2.9700229167938232,26,3.011000394821167,1.0137970447540283,1.938550591468811
w128_ep1_m1,w128,1,5.9181,Q,2,2,"(256, 64)",2.9508392810821533,25,2.9719533920288086,1.0071552991867065,1.9103254079818726
w128_ep1_m1,w128,1,5.9181,Q,2,3,"(256, 64)",2.9040961265563965,26,2.9799156188964844,1.0261077880859375,1.9313335418701172
w128_ep1_m1,w128,1,5.9181,K,2,0,"(256, 64)",2.676757335662842,26,2.924691677093506,1.0926249027252197,1.9298224449157715
w128_ep1_m1,w128,1,5.9181,K,2,1,"(256, 64)",2.8362374305725098,26,2.969604730606079,1.0470225811004639,1.946678876876831
w128_ep1_m1,w128,1,5.9181,K,2,2,"(256, 64)",2.9843201637268066,26,2.9783434867858887,0.9979972839355469,1.9201762676239014
w128_ep1_m1,w128,1,5.9181,K,2,3,"(256, 64)",2.858250617980957,26,2.8932933807373047,1.0122601985931396,1.933796763420105
w128_ep1_m1,w128,1,5.9181,V,2,0,"(256, 64)",2.7099106311798096,26,3.001189947128296,1.1074867248535156,1.9538744688034058
w128_ep1_m1,w128,1,5.9181,V,2,1,"(256, 64)",2.9150097370147705,26,2.999964952468872,1.029144048690796,1.9278771877288818
w128_ep1_m1,w128,1,5.9181,V,2,2,"(256, 64)",2.6961236000061035,26,2.9759347438812256,1.1037827730178833,1.9473369121551514
w128_ep1_m1,w128,1,5.9181,V,2,3,"(256, 64)",2.793851137161255,26,2.865138053894043,1.0255156755447388,1.9277503490447998
w128_ep1_m1,w128,1,5.9181,Wo,2,-1,"(256, 256)",560.0371704101562,71,2.0440995693206787,0.0036499355919659138,0.8538229465484619
w128_ep1_m1,w128,1,5.9181,FFN_up,2,-1,"(1024, 256)",5.2986979484558105,103,3.371567964553833,0.6363012194633484,1.1738778352737427
w128_ep1_m1,w128,1,5.9181,FFN_down,2,-1,"(256, 1024)",6.009268760681152,97,2.0030720233917236,0.3333304226398468,0.7775223255157471
w128_ep1_m1,w128,1,5.9181,Q,3,0,"(256, 64)",2.971571445465088,26,2.9809205532073975,1.0031461715698242,1.9408173561096191
w128_ep1_m1,w128,1,5.9181,Q,3,1,"(256, 64)",2.7778480052948,26,2.8736612796783447,1.0344918966293335,1.9362659454345703
w128_ep1_m1,w128,1,5.9181,Q,3,2,"(256, 64)",2.860419750213623,26,2.8943355083465576,1.0118569135665894,1.9103446006774902
w128_ep1_m1,w128,1,5.9181,Q,3,3,"(256, 64)",2.866804361343384,26,2.886061906814575,1.0067174434661865,1.9391753673553467
w128_ep1_m1,w128,1,5.9181,K,3,0,"(256, 64)",2.835460901260376,26,2.9418327808380127,1.0375148057937622,1.944604754447937
w128_ep1_m1,w128,1,5.9181,K,3,1,"(256, 64)",2.9762637615203857,26,3.001983165740967,1.0086414813995361,1.9370691776275635
w128_ep1_m1,w128,1,5.9181,K,3,2,"(256, 64)",3.0365452766418457,25,2.9917094707489014,0.9852346181869507,1.9268043041229248
w128_ep1_m1,w128,1,5.9181,K,3,3,"(256, 64)",3.042797327041626,26,3.0670058727264404,1.0079560279846191,1.9235293865203857
w128_ep1_m1,w128,1,5.9181,V,3,0,"(256, 64)",3.016771078109741,25,2.864396810531616,0.9494909644126892,1.9224220514297485
w128_ep1_m1,w128,1,5.9181,V,3,1,"(256, 64)",2.9166738986968994,26,2.9688563346862793,1.0178910493850708,1.9456000328063965
w128_ep1_m1,w128,1,5.9181,V,3,2,"(256, 64)",2.7590622901916504,26,2.944697856903076,1.0672820806503296,1.9495890140533447
w128_ep1_m1,w128,1,5.9181,V,3,3,"(256, 64)",2.870149850845337,26,2.9829161167144775,1.0392893552780151,1.9407585859298706
w128_ep1_m1,w128,1,5.9181,Wo,3,-1,"(256, 256)",735.6701049804688,71,2.025320053100586,0.00275302748195827,0.8526216745376587
w128_ep1_m1,w128,1,5.9181,FFN_up,3,-1,"(1024, 256)",3.461059331893921,104,2.3263700008392334,0.672155499458313,1.1938196420669556
w128_ep1_m1,w128,1,5.9181,FFN_down,3,-1,"(256, 1024)",7.267251968383789,103,2.81906795501709,0.38791388273239136,0.7443689703941345
w128_ep1_m1,w128,1,5.9181,Q,4,0,"(256, 64)",2.8729922771453857,26,3.026179790496826,1.0533198118209839,1.9430657625198364
w128_ep1_m1,w128,1,5.9181,Q,4,1,"(256, 64)",2.81939435005188,26,2.944051504135132,1.044214129447937,1.940308928489685
w128_ep1_m1,w128,1,5.9181,Q,4,2,"(256, 64)",2.737870693206787,26,2.861379623413086,1.0451112985610962,1.9242782592773438
w128_ep1_m1,w128,1,5.9181,Q,4,3,"(256, 64)",2.8127377033233643,25,2.9873995780944824,1.0620967149734497,1.9435794353485107
w128_ep1_m1,w128,1,5.9181,K,4,0,"(256, 64)",2.746432304382324,26,2.985541582107544,1.0870617628097534,1.9392998218536377
w128_ep1_m1,w128,1,5.9181,K,4,1,"(256, 64)",2.815062999725342,26,2.9666526317596436,1.053849458694458,1.9394807815551758
w128_ep1_m1,w128,1,5.9181,K,4,2,"(256, 64)",2.774195671081543,26,2.9009270668029785,1.0456821918487549,1.9269143342971802
w128_ep1_m1,w128,1,5.9181,K,4,3,"(256, 64)",2.8356974124908447,26,2.934227466583252,1.0347462892532349,1.9144353866577148
w128_ep1_m1,w128,1,5.9181,V,4,0,"(256, 64)",2.9143776893615723,26,2.9360556602478027,1.0074383020401,1.9354702234268188
w128_ep1_m1,w128,1,5.9181,V,4,1,"(256, 64)",2.933364152908325,26,2.919048547744751,0.9951196908950806,1.9337718486785889
w128_ep1_m1,w128,1,5.9181,V,4,2,"(256, 64)",2.860677719116211,26,2.923374891281128,1.0219168663024902,1.9405078887939453
w128_ep1_m1,w128,1,5.9181,V,4,3,"(256, 64)",2.8256618976593018,26,2.960649251937866,1.04777193069458,1.932598352432251
w128_ep1_m1,w128,1,5.9181,Wo,4,-1,"(256, 256)",365.3528137207031,70,2.1136276721954346,0.005785168614238501,0.8504277467727661
w128_ep1_m1,w128,1,5.9181,FFN_up,4,-1,"(1024, 256)",3.0528993606567383,100,1.8927448987960815,0.6199827194213867,1.1889044046401978
w128_ep1_m1,w128,1,5.9181,FFN_down,4,-1,"(256, 1024)",13.237691879272461,98,3.442849636077881,0.2600792944431305,0.7075130939483643
w128_ep1_m1,w128,1,5.9181,Q,5,0,"(256, 64)",2.700382947921753,26,2.877074956893921,1.0654321908950806,1.9329025745391846
w128_ep1_m1,w128,1,5.9181,Q,5,1,"(256, 64)",2.911240816116333,26,2.914429187774658,1.001095175743103,1.9167401790618896
w128_ep1_m1,w128,1,5.9181,Q,5,2,"(256, 64)",2.9169931411743164,26,2.9541783332824707,1.0127477645874023,1.9562928676605225
w128_ep1_m1,w128,1,5.9181,Q,5,3,"(256, 64)",2.7642064094543457,26,2.908151865005493,1.0520747900009155,1.934892177581787
w128_ep1_m1,w128,1,5.9181,K,5,0,"(256, 64)",2.840747594833374,26,2.950990915298462,1.0388078689575195,1.9537639617919922
w128_ep1_m1,w128,1,5.9181,K,5,1,"(256, 64)",2.8235411643981934,26,2.9634194374084473,1.0495400428771973,1.9041385650634766
w128_ep1_m1,w128,1,5.9181,K,5,2,"(256, 64)",2.75830340385437,25,2.9114975929260254,1.0555392503738403,1.9225118160247803
w128_ep1_m1,w128,1,5.9181,K,5,3,"(256, 64)",2.812791109085083,26,2.8660998344421387,1.0189522504806519,1.9218279123306274
w128_ep1_m1,w128,1,5.9181,V,5,0,"(256, 64)",2.8171637058258057,26,2.984440565109253,1.0593777894973755,1.9298324584960938
w128_ep1_m1,w128,1,5.9181,V,5,1,"(256, 64)",2.955357313156128,26,2.950084686279297,0.998215913772583,1.9236924648284912
w128_ep1_m1,w128,1,5.9181,V,5,2,"(256, 64)",2.9080846309661865,25,2.923978328704834,1.0054653882980347,1.9291619062423706
w128_ep1_m1,w128,1,5.9181,V,5,3,"(256, 64)",3.120516538619995,26,2.960881233215332,0.9488433003425598,1.9327476024627686
w128_ep1_m1,w128,1,5.9181,Wo,5,-1,"(256, 256)",1803.5682373046875,70,2.025684118270874,0.001123153604567051,0.8498245477676392
w128_ep1_m1,w128,1,5.9181,FFN_up,5,-1,"(1024, 256)",2.975943088531494,102,1.8689159154891968,0.6280079483985901,1.1895673274993896
w128_ep1_m1,w128,1,5.9181,FFN_down,5,-1,"(256, 1024)",14.715852737426758,87,3.2703073024749756,0.2222302258014679,0.6774166822433472
w128_ep1_m1,w128,1,5.9181,Q,6,0,"(256, 64)",2.96097993850708,26,2.9271597862243652,0.9885780215263367,1.9292292594909668
w128_ep1_m1,w128,1,5.9181,Q,6,1,"(256, 64)",2.7346675395965576,25,2.998434066772461,1.0964528322219849,1.9347728490829468
w128_ep1_m1,w128,1,5.9181,Q,6,2,"(256, 64)",2.974045753479004,26,2.9237959384918213,0.98310387134552,1.9316318035125732
w128_ep1_m1,w128,1,5.9181,Q,6,3,"(256, 64)",2.951690435409546,26,2.9601876735687256,1.0028787851333618,1.9410213232040405
w128_ep1_m1,w128,1,5.9181,K,6,0,"(256, 64)",2.907228469848633,26,2.926102638244629,1.0064921379089355,1.945415735244751
w128_ep1_m1,w128,1,5.9181,K,6,1,"(256, 64)",2.7493655681610107,26,2.919332981109619,1.06182062625885,1.9274286031723022
w128_ep1_m1,w128,1,5.9181,K,6,2,"(256, 64)",2.704127073287964,26,2.927471876144409,1.0825940370559692,1.9396001100540161
w128_ep1_m1,w128,1,5.9181,K,6,3,"(256, 64)",2.83080792427063,26,2.9490256309509277,1.0417611598968506,1.9540868997573853
w128_ep1_m1,w128,1,5.9181,V,6,0,"(256, 64)",2.863056182861328,26,2.915693998336792,1.0183851718902588,1.939879298210144
w128_ep1_m1,w128,1,5.9181,V,6,1,"(256, 64)",2.8655028343200684,26,2.998824119567871,1.046526312828064,1.931142807006836
w128_ep1_m1,w128,1,5.9181,V,6,2,"(256, 64)",2.826888084411621,26,2.927861452102661,1.0357189178466797,1.9404447078704834
w128_ep1_m1,w128,1,5.9181,V,6,3,"(256, 64)",2.8520383834838867,26,2.955892324447632,1.0364139080047607,1.9356112480163574
w128_ep1_m1,w128,1,5.9181,Wo,6,-1,"(256, 256)",2519.175537109375,71,2.0089643001556396,0.0007974689942784607,0.8553128242492676
w128_ep1_m1,w128,1,5.9181,FFN_up,6,-1,"(1024, 256)",4.144373893737793,99,2.532147169113159,0.6109842658042908,1.1783027648925781
w128_ep1_m1,w128,1,5.9181,FFN_down,6,-1,"(256, 1024)",6.449252605438232,90,2.1287600994110107,0.3300785720348358,0.7323833107948303
w128_ep1_m1,w128,1,5.9181,Q,7,0,"(256, 64)",2.9116361141204834,26,2.961543083190918,1.017140507698059,1.922292709350586
w128_ep1_m1,w128,1,5.9181,Q,7,1,"(256, 64)",2.8656179904937744,26,2.9244532585144043,1.020531415939331,1.944990873336792
w128_ep1_m1,w128,1,5.9181,Q,7,2,"(256, 64)",2.9668796062469482,25,3.0227108001708984,1.0188181400299072,1.957497000694275
w128_ep1_m1,w128,1,5.9181,Q,7,3,"(256, 64)",2.7335853576660156,26,2.930976152420044,1.0722094774246216,1.9375563859939575
w128_ep1_m1,w128,1,5.9181,K,7,0,"(256, 64)",2.9094409942626953,25,2.9939005374908447,1.0290294885635376,1.9318526983261108
w128_ep1_m1,w128,1,5.9181,K,7,1,"(256, 64)",2.8379855155944824,26,2.9894230365753174,1.053360939025879,1.9341181516647339
w128_ep1_m1,w128,1,5.9181,K,7,2,"(256, 64)",2.752696990966797,26,2.928029775619507,1.063694953918457,1.9443655014038086
w128_ep1_m1,w128,1,5.9181,K,7,3,"(256, 64)",2.740156412124634,25,2.9523653984069824,1.077444076538086,1.9185500144958496
w128_ep1_m1,w128,1,5.9181,V,7,0,"(256, 64)",2.8259525299072266,26,3.0239782333374023,1.0700739622116089,1.9373571872711182
w128_ep1_m1,w128,1,5.9181,V,7,1,"(256, 64)",3.0789201259613037,26,3.138025999069214,1.0191969871520996,1.9591782093048096
w128_ep1_m1,w128,1,5.9181,V,7,2,"(256, 64)",2.847663640975952,26,2.8842711448669434,1.0128552913665771,1.9183931350708008
w128_ep1_m1,w128,1,5.9181,V,7,3,"(256, 64)",2.870703935623169,26,3.0190680027008057,1.0516821146011353,1.9455547332763672
w128_ep1_m1,w128,1,5.9181,Wo,7,-1,"(256, 256)",4117.9580078125,71,2.0526740550994873,0.0004984689294360578,0.8597865104675293
w128_ep1_m1,w128,1,5.9181,FFN_up,7,-1,"(1024, 256)",7.193239212036133,99,4.305660247802734,0.5985704064369202,1.1696840524673462
w128_ep1_m1,w128,1,5.9181,FFN_down,7,-1,"(256, 1024)",25.889659881591797,83,7.724653720855713,0.29836830496788025,0.6983400583267212
btm_merged,merge,0,,Q,0,0,"(256, 64)",2.832385540008545,26,2.9851231575012207,1.0539253950119019,1.9360569715499878
btm_merged,merge,0,,Q,0,1,"(256, 64)",2.9547274112701416,26,2.991983652114868,1.0126090049743652,1.9425899982452393
btm_merged,merge,0,,Q,0,2,"(256, 64)",3.0425329208374023,25,2.9593441486358643,0.9726580381393433,1.9277119636535645
btm_merged,merge,0,,Q,0,3,"(256, 64)",2.836217164993286,26,3.0264391899108887,1.0670689344406128,1.937974452972412
btm_merged,merge,0,,K,0,0,"(256, 64)",2.9737117290496826,26,2.9977645874023438,1.00808846950531,1.930238127708435
btm_merged,merge,0,,K,0,1,"(256, 64)",2.8374226093292236,26,3.014517068862915,1.0624138116836548,1.9359512329101562
btm_merged,merge,0,,K,0,2,"(256, 64)",2.8476057052612305,26,2.9970619678497314,1.0524848699569702,1.9443533420562744
btm_merged,merge,0,,K,0,3,"(256, 64)",2.730938673019409,25,2.9351806640625,1.074788212776184,1.929990291595459
btm_merged,merge,0,,V,0,0,"(256, 64)",2.750704050064087,25,2.929851531982422,1.0651278495788574,1.9288535118103027
btm_merged,merge,0,,V,0,1,"(256, 64)",2.957878589630127,25,2.9715964794158936,1.0046377182006836,1.9363617897033691
btm_merged,merge,0,,V,0,2,"(256, 64)",2.95271635055542,25,2.933753252029419,0.993577778339386,1.9293689727783203
btm_merged,merge,0,,V,0,3,"(256, 64)",2.921067953109741,25,2.9476380348205566,1.0090960264205933,1.9299697875976562
btm_merged,merge,0,,Wo,0,-1,"(256, 256)",8056.1630859375,61,2.1690852642059326,0.0002692454436328262,0.7956848740577698
btm_merged,merge,0,,FFN_up,0,-1,"(1024, 256)",5.817977428436279,99,3.5882129669189453,0.6167457699775696,1.2053210735321045
btm_merged,merge,0,,FFN_down,0,-1,"(256, 1024)",11.74683666229248,81,3.0139148235321045,0.2565724551677704,0.7335889935493469
btm_merged,merge,0,,Q,1,0,"(256, 64)",2.902121067047119,26,3.0104029178619385,1.037311315536499,1.9484517574310303
btm_merged,merge,0,,Q,1,1,"(256, 64)",2.835766553878784,26,2.8647797107696533,1.0102311372756958,1.9385297298431396
btm_merged,merge,0,,Q,1,2,"(256, 64)",2.8110554218292236,26,3.0249392986297607,1.0760866403579712,1.932149887084961
btm_merged,merge,0,,Q,1,3,"(256, 64)",2.831566572189331,26,2.956258535385132,1.0440363883972168,1.9324599504470825
btm_merged,merge,0,,K,1,0,"(256, 64)",2.9441397190093994,26,2.93751859664917,0.9977511167526245,1.9407696723937988
btm_merged,merge,0,,K,1,1,"(256, 64)",2.8391475677490234,26,2.951359987258911,1.0395232439041138,1.948615312576294
btm_merged,merge,0,,K,1,2,"(256, 64)",2.771563768386841,26,2.9147324562072754,1.0516562461853027,1.9419772624969482
btm_merged,merge,0,,K,1,3,"(256, 64)",3.017669916152954,25,2.9870471954345703,0.9898521900177002,1.9327598810195923
btm_merged,merge,0,,V,1,0,"(256, 64)",3.011354446411133,25,2.95170259475708,0.9801910519599915,1.9214643239974976
btm_merged,merge,0,,V,1,1,"(256, 64)",2.9669320583343506,25,2.935210943222046,0.9893084168434143,1.9276386499404907
btm_merged,merge,0,,V,1,2,"(256, 64)",2.7104010581970215,26,2.874359369277954,1.0604922771453857,1.9421323537826538
btm_merged,merge,0,,V,1,3,"(256, 64)",2.906310558319092,26,2.9624886512756348,1.0193296670913696,1.9415733814239502
btm_merged,merge,0,,Wo,1,-1,"(256, 256)",381.1708679199219,70,2.054532289505005,0.0053900559432804585,0.8442716598510742
btm_merged,merge,0,,FFN_up,1,-1,"(1024, 256)",4.396806240081787,100,2.643756151199341,0.6012901067733765,1.1367239952087402
btm_merged,merge,0,,FFN_down,1,-1,"(256, 1024)",8.221686363220215,90,2.372650384902954,0.2885844111442566,0.6651650071144104
btm_merged,merge,0,,Q,2,0,"(256, 64)",2.831101655960083,26,2.8596913814544678,1.0100984573364258,1.921019196510315
btm_merged,merge,0,,Q,2,1,"(256, 64)",2.965798854827881,26,3.009366273880005,1.0146899223327637,1.9384701251983643
btm_merged,merge,0,,Q,2,2,"(256, 64)",2.947857618331909,25,2.973179340362549,1.0085898637771606,1.9101009368896484
btm_merged,merge,0,,Q,2,3,"(256, 64)",2.900911808013916,26,2.9807605743408203,1.0275254249572754,1.9311274290084839
btm_merged,merge,0,,K,2,0,"(256, 64)",2.681516170501709,26,2.9233529567718506,1.090186595916748,1.9296748638153076
btm_merged,merge,0,,K,2,1,"(256, 64)",2.8371944427490234,26,2.970099687576294,1.0468438863754272,1.9464970827102661
btm_merged,merge,0,,K,2,2,"(256, 64)",2.9841015338897705,26,2.9774818420410156,0.9977816939353943,1.9201345443725586
btm_merged,merge,0,,K,2,3,"(256, 64)",2.8572425842285156,26,2.8941850662231445,1.0129294395446777,1.9336971044540405
btm_merged,merge,0,,V,2,0,"(256, 64)",2.724977970123291,26,3.002056121826172,1.101680874824524,1.9531993865966797
btm_merged,merge,0,,V,2,1,"(256, 64)",2.899299144744873,26,2.9985828399658203,1.0342440605163574,1.9271653890609741
btm_merged,merge,0,,V,2,2,"(256, 64)",2.697998523712158,26,2.977707862854004,1.1036728620529175,1.9466147422790527
btm_merged,merge,0,,V,2,3,"(256, 64)",2.7735114097595215,26,2.8589513301849365,1.0308057069778442,1.9269042015075684
btm_merged,merge,0,,Wo,2,-1,"(256, 256)",1362.7322998046875,71,2.045384645462036,0.001500943792052567,0.8508073091506958
btm_merged,merge,0,,FFN_up,2,-1,"(1024, 256)",5.327426433563232,103,3.322563648223877,0.6236714124679565,1.1519341468811035
btm_merged,merge,0,,FFN_down,2,-1,"(256, 1024)",6.951288223266602,96,1.9043256044387817,0.2739529013633728,0.7100980281829834
btm_merged,merge,0,,Q,3,0,"(256, 64)",2.9691615104675293,26,2.9793736934661865,1.0034394264221191,1.9406304359436035
btm_merged,merge,0,,Q,3,1,"(256, 64)",2.775259494781494,26,2.874774932861328,1.0358580350875854,1.936056137084961
btm_merged,merge,0,,Q,3,2,"(256, 64)",2.86310076713562,26,2.893171787261963,1.0105029344558716,1.9101877212524414
btm_merged,merge,0,,Q,3,3,"(256, 64)",2.8602116107940674,26,2.8866922855377197,1.0092582702636719,1.9390407800674438
btm_merged,merge,0,,K,3,0,"(256, 64)",2.8336856365203857,26,2.940291166305542,1.0376207828521729,1.9445627927780151
btm_merged,merge,0,,K,3,1,"(256, 64)",2.9788787364959717,26,3.0012688636779785,1.0075162649154663,1.9368798732757568
btm_merged,merge,0,,K,3,2,"(256, 64)",3.0328896045684814,25,2.9909677505493164,0.9861776232719421,1.9266769886016846
btm_merged,merge,0,,K,3,3,"(256, 64)",3.046313524246216,26,3.067326784133911,1.0068979263305664,1.9234225749969482
btm_merged,merge,0,,V,3,0,"(256, 64)",3.0417089462280273,25,2.856626033782959,0.9391517043113708,1.9214627742767334
btm_merged,merge,0,,V,3,1,"(256, 64)",2.9111554622650146,26,2.9733715057373047,1.021371603012085,1.944506049156189
btm_merged,merge,0,,V,3,2,"(256, 64)",2.7771997451782227,25,2.942399024963379,1.0594841241836548,1.9482558965682983
btm_merged,merge,0,,V,3,3,"(256, 64)",2.8903346061706543,26,2.9812893867492676,1.0314686298370361,1.9397611618041992
btm_merged,merge,0,,Wo,3,-1,"(256, 256)",4603.64404296875,71,2.0236992835998535,0.00043958640890195966,0.8484026193618774
btm_merged,merge,0,,FFN_up,3,-1,"(1024, 256)",3.467376232147217,104,2.2518670558929443,0.6494441032409668,1.1320291757583618
btm_merged,merge,0,,FFN_down,3,-1,"(256, 1024)",9.904237747192383,103,2.7285139560699463,0.27548953890800476,0.594810962677002
btm_merged,merge,0,,Q,4,0,"(256, 64)",2.8734583854675293,26,3.0236434936523438,1.0522663593292236,1.942893147468567
btm_merged,merge,0,,Q,4,1,"(256, 64)",2.819178342819214,26,2.9450602531433105,1.044651985168457,1.9400691986083984
btm_merged,merge,0,,Q,4,2,"(256, 64)",2.7393641471862793,26,2.861553192138672,1.0446048974990845,1.9241197109222412
btm_merged,merge,0,,Q,4,3,"(256, 64)",2.8146400451660156,25,2.9874489307403564,1.0613964796066284,1.943480134010315
btm_merged,merge,0,,K,4,0,"(256, 64)",2.7458767890930176,26,2.985710382461548,1.0873432159423828,1.9392075538635254
btm_merged,merge,0,,K,4,1,"(256, 64)",2.8174774646759033,26,2.966837167739868,1.0530118942260742,1.9393000602722168
btm_merged,merge,0,,K,4,2,"(256, 64)",2.772655963897705,26,2.901170492172241,1.0463507175445557,1.9268163442611694
btm_merged,merge,0,,K,4,3,"(256, 64)",2.831857919692993,26,2.9325790405273438,1.0355671644210815,1.9144012928009033
btm_merged,merge,0,,V,4,0,"(256, 64)",2.8941586017608643,26,2.9376015663146973,1.0150105953216553,1.9342255592346191
btm_merged,merge,0,,V,4,1,"(256, 64)",2.943636894226074,26,2.920625686645508,0.992182731628418,1.9323285818099976
btm_merged,merge,0,,V,4,2,"(256, 64)",2.8513715267181396,26,2.923783302307129,1.025395393371582,1.9390748739242554
btm_merged,merge,0,,V,4,3,"(256, 64)",2.8014631271362305,26,2.956676959991455,1.055404543876648,1.9311723709106445
btm_merged,merge,0,,Wo,4,-1,"(256, 256)",901.2161865234375,70,2.091264247894287,0.0023204912431538105,0.8457399010658264
btm_merged,merge,0,,FFN_up,4,-1,"(1024, 256)",3.043858528137207,101,1.7870073318481445,0.5870862007141113,1.111358642578125
btm_merged,merge,0,,FFN_down,4,-1,"(256, 1024)",14.66021728515625,97,3.2334487438201904,0.22055940330028534,0.4912181794643402
btm_merged,merge,0,,Q,5,0,"(256, 64)",2.707624673843384,26,2.8784143924713135,1.0630773305892944,1.9325401782989502
btm_merged,merge,0,,Q,5,1,"(256, 64)",2.9053564071655273,26,2.9136483669281006,1.0028539896011353,1.916600227355957
btm_merged,merge,0,,Q,5,2,"(256, 64)",2.918306589126587,26,2.9541096687316895,1.0122684240341187,1.956068515777588
btm_merged,merge,0,,Q,5,3,"(256, 64)",2.767066717147827,26,2.908841848373413,1.051236629486084,1.9346609115600586
btm_merged,merge,0,,K,5,0,"(256, 64)",2.8409335613250732,26,2.951439142227173,1.0388976335525513,1.9536190032958984
btm_merged,merge,0,,K,5,1,"(256, 64)",2.8199644088745117,26,2.9645776748657227,1.0512819290161133,1.9040433168411255
btm_merged,merge,0,,K,5,2,"(256, 64)",2.7625246047973633,25,2.9122822284698486,1.0542104244232178,1.922532558441162
btm_merged,merge,0,,K,5,3,"(256, 64)",2.8049395084381104,26,2.8638503551483154,1.0210025310516357,1.9217146635055542
btm_merged,merge,0,,V,5,0,"(256, 64)",2.8468847274780273,26,2.9790408611297607,1.0464212894439697,1.9280229806900024
btm_merged,merge,0,,V,5,1,"(256, 64)",2.9529404640197754,26,2.9493961334228516,0.998799741268158,1.9217298030853271
btm_merged,merge,0,,V,5,2,"(256, 64)",2.9122633934020996,25,2.9180521965026855,1.0019876956939697,1.927480697631836
btm_merged,merge,0,,V,5,3,"(256, 64)",3.1373302936553955,26,2.9592103958129883,0.943225622177124,1.931030035018921
btm_merged,merge,0,,Wo,5,-1,"(256, 256)",439.4913635253906,70,1.987221121788025,0.004521638620644808,0.8438834547996521
btm_merged,merge,0,,FFN_up,5,-1,"(1024, 256)",3.0226454734802246,102,1.755393385887146,0.5807473659515381,1.1109371185302734
btm_merged,merge,0,,FFN_down,5,-1,"(256, 1024)",15.650455474853516,86,2.846240282058716,0.18186309933662415,0.48381468653678894
btm_merged,merge,0,,Q,6,0,"(256, 64)",2.9682400226593018,26,2.9238414764404297,0.985042154788971,1.9287443161010742
btm_merged,merge,0,,Q,6,1,"(256, 64)",2.7468223571777344,26,2.995985984802246,1.0907098054885864,1.9343085289001465
btm_merged,merge,0,,Q,6,2,"(256, 64)",2.9672865867614746,26,2.925452470779419,0.9859015345573425,1.9310948848724365
btm_merged,merge,0,,Q,6,3,"(256, 64)",2.9514806270599365,26,2.956735134124756,1.0017802715301514,1.9403269290924072
btm_merged,merge,0,,K,6,0,"(256, 64)",2.8984315395355225,26,2.9262852668762207,1.0096099376678467,1.9443916082382202
btm_merged,merge,0,,K,6,1,"(256, 64)",2.7658188343048096,26,2.9201462268829346,1.055798053741455,1.9269264936447144
btm_merged,merge,0,,K,6,2,"(256, 64)",2.7172441482543945,26,2.9255168437957764,1.076648473739624,1.939215898513794
btm_merged,merge,0,,K,6,3,"(256, 64)",2.8140416145324707,26,2.9475889205932617,1.0474574565887451,1.9535279273986816
btm_merged,merge,0,,V,6,0,"(256, 64)",2.8769304752349854,26,2.914088726043701,1.0129159688949585,1.9374111890792847
btm_merged,merge,0,,V,6,1,"(256, 64)",2.875035524368286,26,2.988633394241333,1.039511799812317,1.9293097257614136
btm_merged,merge,0,,V,6,2,"(256, 64)",2.8211679458618164,26,2.9211390018463135,1.0354360342025757,1.9385132789611816
btm_merged,merge,0,,V,6,3,"(256, 64)",2.826282262802124,26,2.9493587017059326,1.0435471534729004,1.9335339069366455
btm_merged,merge,0,,Wo,6,-1,"(256, 256)",3678.582763671875,71,1.982477068901062,0.0005389241268858314,0.8480252027511597
btm_merged,merge,0,,FFN_up,6,-1,"(1024, 256)",4.138511657714844,100,2.457491159439087,0.5938103795051575,1.1407781839370728
btm_merged,merge,0,,FFN_down,6,-1,"(256, 1024)",7.29700231552124,87,1.9441519975662231,0.266431599855423,0.6034904718399048
btm_merged,merge,0,,Q,7,0,"(256, 64)",2.908052444458008,26,2.9663639068603516,1.0200517177581787,1.9217865467071533
btm_merged,merge,0,,Q,7,1,"(256, 64)",2.8745245933532715,26,2.9303910732269287,1.0194350481033325,1.9441142082214355
btm_merged,merge,0,,Q,7,2,"(256, 64)",2.9508919715881348,25,3.0151031017303467,1.0217598676681519,1.9567444324493408
btm_merged,merge,0,,Q,7,3,"(256, 64)",2.7218101024627686,26,2.9272358417510986,1.0754739046096802,1.9367313385009766
btm_merged,merge,0,,K,7,0,"(256, 64)",2.904527187347412,25,2.9944775104522705,1.0309690237045288,1.9309937953948975
btm_merged,merge,0,,K,7,1,"(256, 64)",2.843430757522583,26,2.9943859577178955,1.0530891418457031,1.9333221912384033
btm_merged,merge,0,,K,7,2,"(256, 64)",2.7628214359283447,26,2.9253201484680176,1.0588161945343018,1.9433037042617798
btm_merged,merge,0,,K,7,3,"(256, 64)",2.744492292404175,25,2.9455454349517822,1.0732569694519043,1.9174468517303467
btm_merged,merge,0,,V,7,0,"(256, 64)",2.8286728858947754,26,3.0245394706726074,1.069243311882019,1.9363445043563843
btm_merged,merge,0,,V,7,1,"(256, 64)",3.0877294540405273,26,3.1314592361450195,1.0141624212265015,1.9583202600479126
btm_merged,merge,0,,V,7,2,"(256, 64)",2.8537731170654297,26,2.8855059146881104,1.0111196041107178,1.9174528121948242
btm_merged,merge,0,,V,7,3,"(256, 64)",2.8683106899261475,26,3.015089273452759,1.0511724948883057,1.9444098472595215
btm_merged,merge,0,,Wo,7,-1,"(256, 256)",2283.738037109375,71,2.037907600402832,0.0008923560963012278,0.8541051745414734
btm_merged,merge,0,,FFN_up,7,-1,"(1024, 256)",7.2510905265808105,99,4.269760608673096,0.5888439416885376,1.158017635345459
btm_merged,merge,0,,FFN_down,7,-1,"(256, 1024)",28.984437942504883,80,7.463794708251953,0.2575104236602783,0.6294744610786438
w128_cont_ep12,w128c,12,5.7632,Q,0,0,"(256, 64)",2.838254451751709,26,2.985058546066284,1.0517233610153198,1.9361567497253418
w128_cont_ep12,w128c,12,5.7632,Q,0,1,"(256, 64)",2.9719061851501465,26,2.992288112640381,1.006858229637146,1.9426559209823608
w128_cont_ep12,w128c,12,5.7632,Q,0,2,"(256, 64)",3.034871816635132,25,2.957702398300171,0.9745724201202393,1.9278655052185059
w128_cont_ep12,w128c,12,5.7632,Q,0,3,"(256, 64)",2.8190865516662598,26,3.027416229248047,1.073899745941162,1.938169002532959
w128_cont_ep12,w128c,12,5.7632,K,0,0,"(256, 64)",2.9745144844055176,26,2.9979450702667236,1.0078771114349365,1.930285930633545
w128_cont_ep12,w128c,12,5.7632,K,0,1,"(256, 64)",2.85258412361145,26,3.0156400203704834,1.05716073513031,1.9360954761505127
w128_cont_ep12,w128c,12,5.7632,K,0,2,"(256, 64)",2.838597536087036,26,2.996439218521118,1.0556055307388306,1.9445030689239502
w128_cont_ep12,w128c,12,5.7632,K,0,3,"(256, 64)",2.7272918224334717,25,2.931530237197876,1.0748869180679321,1.9302531480789185
w128_cont_ep12,w128c,12,5.7632,V,0,0,"(256, 64)",2.760261058807373,25,2.9319422245025635,1.0621974468231201,1.9287340641021729
w128_cont_ep12,w128c,12,5.7632,V,0,1,"(256, 64)",2.975886106491089,25,2.9760003089904785,1.0000383853912354,1.9362175464630127
w128_cont_ep12,w128c,12,5.7632,V,0,2,"(256, 64)",2.9530704021453857,25,2.93217396736145,0.9929238557815552,1.929264783859253
w128_cont_ep12,w128c,12,5.7632,V,0,3,"(256, 64)",2.925962209701538,25,2.947265386581421,1.007280707359314,1.9298651218414307
w128_cont_ep12,w128c,12,5.7632,Wo,0,-1,"(256, 256)",7380.62158203125,60,2.196409225463867,0.00029759135213680565,0.792238175868988
w128_cont_ep12,w128c,12,5.7632,FFN_up,0,-1,"(1024, 256)",6.069810390472412,99,3.7289998531341553,0.6143519282341003,1.208196997642517
w128_cont_ep12,w128c,12,5.7632,FFN_down,0,-1,"(256, 1024)",11.31187629699707,81,2.875657320022583,0.2542157769203186,0.7587077617645264
w128_cont_ep12,w128c,12,5.7632,Q,1,0,"(256, 64)",2.905447244644165,26,3.010310173034668,1.0360918045043945,1.9484517574310303
w128_cont_ep12,w128c,12,5.7632,Q,1,1,"(256, 64)",2.8332953453063965,26,2.8647193908691406,1.0110909938812256,1.9385781288146973
w128_cont_ep12,w128c,12,5.7632,Q,1,2,"(256, 64)",2.812005043029785,26,3.024055242538452,1.075408935546875,1.9321534633636475
w128_cont_ep12,w128c,12,5.7632,Q,1,3,"(256, 64)",2.834036111831665,26,2.9559857845306396,1.0430303812026978,1.9324612617492676
w128_cont_ep12,w128c,12,5.7632,K,1,0,"(256, 64)",2.9457192420959473,26,2.9377052783966064,0.9972794651985168,1.9407695531845093
w128_cont_ep12,w128c,12,5.7632,K,1,1,"(256, 64)",2.8384978771209717,26,2.9506940841674805,1.0395265817642212,1.9485993385314941
w128_cont_ep12,w128c,12,5.7632,K,1,2,"(256, 64)",2.7734293937683105,26,2.9143924713134766,1.0508263111114502,1.9419807195663452
w128_cont_ep12,w128c,12,5.7632,K,1,3,"(256, 64)",3.015242099761963,25,2.9859867095947266,0.9902974963188171,1.9327919483184814
w128_cont_ep12,w128c,12,5.7632,V,1,0,"(256, 64)",3.0033416748046875,25,2.9542486667633057,0.9836539030075073,1.921726942062378
w128_cont_ep12,w128c,12,5.7632,V,1,1,"(256, 64)",2.965435028076172,25,2.9337658882141113,0.9893205761909485,1.9278086423873901
w128_cont_ep12,w128c,12,5.7632,V,1,2,"(256, 64)",2.7019870281219482,26,2.8747718334198,1.063947319984436,1.942091703414917
w128_cont_ep12,w128c,12,5.7632,V,1,3,"(256, 64)",2.8997159004211426,26,2.962611436843872,1.0216902494430542,1.9419182538986206
w128_cont_ep12,w128c,12,5.7632,Wo,1,-1,"(256, 256)",44625.8046875,70,2.0685763359069824,4.6353816287592053e-05,0.8448957800865173
w128_cont_ep12,w128c,12,5.7632,FFN_up,1,-1,"(1024, 256)",4.649471759796143,101,2.7753686904907227,0.5969212651252747,1.1412994861602783
w128_cont_ep12,w128c,12,5.7632,FFN_down,1,-1,"(256, 1024)",8.188031196594238,90,2.4044623374938965,0.29365575313568115,0.6914127469062805
w128_cont_ep12,w128c,12,5.7632,Q,2,0,"(256, 64)",2.8312880992889404,26,2.8601062297821045,1.0101784467697144,1.9210336208343506
w128_cont_ep12,w128c,12,5.7632,Q,2,1,"(256, 64)",2.966480016708374,26,3.010404586791992,1.0148069858551025,1.9384796619415283
w128_cont_ep12,w128c,12,5.7632,Q,2,2,"(256, 64)",2.948920726776123,25,2.973628520965576,1.0083786249160767,1.9100863933563232
w128_cont_ep12,w128c,12,5.7632,Q,2,3,"(256, 64)",2.9005541801452637,26,2.9803433418273926,1.02750825881958,1.931114912033081
w128_cont_ep12,w128c,12,5.7632,K,2,0,"(256, 64)",2.6813454627990723,26,2.9232513904571533,1.0902180671691895,1.9296765327453613
w128_cont_ep12,w128c,12,5.7632,K,2,1,"(256, 64)",2.8371684551239014,26,2.970097064971924,1.0468525886535645,1.9464964866638184
w128_cont_ep12,w128c,12,5.7632,K,2,2,"(256, 64)",2.984487533569336,26,2.977677822113037,0.9977182745933533,1.9201343059539795
w128_cont_ep12,w128c,12,5.7632,K,2,3,"(256, 64)",2.8575732707977295,26,2.894320011138916,1.0128594636917114,1.933706283569336
w128_cont_ep12,w128c,12,5.7632,V,2,0,"(256, 64)",2.7257308959960938,26,3.0020976066589355,1.1013917922973633,1.9534543752670288
w128_cont_ep12,w128c,12,5.7632,V,2,1,"(256, 64)",2.906496286392212,26,3.005589485168457,1.0340937376022339,1.9273686408996582
w128_cont_ep12,w128c,12,5.7632,V,2,2,"(256, 64)",2.689710855484009,26,2.978039503097534,1.1071969270706177,1.9468398094177246
w128_cont_ep12,w128c,12,5.7632,V,2,3,"(256, 64)",2.781346321105957,26,2.8619258403778076,1.0289714336395264,1.927290916442871
w128_cont_ep12,w128c,12,5.7632,Wo,2,-1,"(256, 256)",460.6383361816406,71,2.0412051677703857,0.004431253299117088,0.8517693877220154
w128_cont_ep12,w128c,12,5.7632,FFN_up,2,-1,"(1024, 256)",5.45716667175293,105,3.499748706817627,0.6413124203681946,1.169587254524231
w128_cont_ep12,w128c,12,5.7632,FFN_down,2,-1,"(256, 1024)",6.320013046264648,99,1.8564900159835815,0.29374781250953674,0.7415235042572021
w128_cont_ep12,w128c,12,5.7632,Q,3,0,"(256, 64)",2.9678971767425537,26,2.97935152053833,1.0038594007492065,1.9406137466430664
w128_cont_ep12,w128c,12,5.7632,Q,3,1,"(256, 64)",2.772773265838623,26,2.8753271102905273,1.036985993385315,1.936092495918274
w128_cont_ep12,w128c,12,5.7632,Q,3,2,"(256, 64)",2.865845203399658,26,2.8931500911712646,1.0095276832580566,1.9101893901824951
w128_cont_ep12,w128c,12,5.7632,Q,3,3,"(256, 64)",2.861297369003296,26,2.8858819007873535,1.008592128753662,1.9390813112258911
w128_cont_ep12,w128c,12,5.7632,K,3,0,"(256, 64)",2.8337903022766113,26,2.9402976036071777,1.0375847816467285,1.944553256034851
w128_cont_ep12,w128c,12,5.7632,K,3,1,"(256, 64)",2.980379104614258,26,3.0012574195861816,1.007005214691162,1.936848521232605
w128_cont_ep12,w128c,12,5.7632,K,3,2,"(256, 64)",3.0324418544769287,25,2.9912285804748535,0.9864091873168945,1.9266732931137085
w128_cont_ep12,w128c,12,5.7632,K,3,3,"(256, 64)",3.0468406677246094,26,3.0678720474243164,1.0069026947021484,1.9233980178833008
w128_cont_ep12,w128c,12,5.7632,V,3,0,"(256, 64)",3.0292651653289795,25,2.854973077774048,0.9424638748168945,1.9219822883605957
w128_cont_ep12,w128c,12,5.7632,V,3,1,"(256, 64)",2.9076623916625977,26,2.9726219177246094,1.0223407745361328,1.944716453552246
w128_cont_ep12,w128c,12,5.7632,V,3,2,"(256, 64)",2.7806241512298584,25,2.940894603729248,1.0576382875442505,1.948744773864746
w128_cont_ep12,w128c,12,5.7632,V,3,3,"(256, 64)",2.8879098892211914,26,2.984933376312256,1.033596396446228,1.9399574995040894
w128_cont_ep12,w128c,12,5.7632,Wo,3,-1,"(256, 256)",559.99609375,71,2.0285301208496094,0.003622400341555476,0.8494448065757751
w128_cont_ep12,w128c,12,5.7632,FFN_up,3,-1,"(1024, 256)",3.3231732845306396,104,2.023662805557251,0.6089549660682678,1.1735624074935913
w128_cont_ep12,w128c,12,5.7632,FFN_down,3,-1,"(256, 1024)",9.162463188171387,103,3.1623945236206055,0.3451467752456665,0.6743127107620239
w128_cont_ep12,w128c,12,5.7632,Q,4,0,"(256, 64)",2.8714990615844727,26,3.022862195968628,1.0527122020721436,1.9429070949554443
w128_cont_ep12,w128c,12,5.7632,Q,4,1,"(256, 64)",2.819413661956787,26,2.945326805114746,1.0446593761444092,1.9400582313537598
w128_cont_ep12,w128c,12,5.7632,Q,4,2,"(256, 64)",2.7374253273010254,26,2.860806465148926,1.0450719594955444,1.9241156578063965
w128_cont_ep12,w128c,12,5.7632,Q,4,3,"(256, 64)",2.8162214756011963,25,2.988253116607666,1.0610859394073486,1.943476676940918
w128_cont_ep12,w128c,12,5.7632,K,4,0,"(256, 64)",2.744426727294922,26,2.9854767322540283,1.0878325700759888,1.9392335414886475
w128_cont_ep12,w128c,12,5.7632,K,4,1,"(256, 64)",2.8164432048797607,26,2.966930627822876,1.053431749343872,1.9393069744110107
w128_cont_ep12,w128c,12,5.7632,K,4,2,"(256, 64)",2.7743337154388428,26,2.901440382003784,1.0458152294158936,1.9268567562103271
w128_cont_ep12,w128c,12,5.7632,K,4,3,"(256, 64)",2.8333401679992676,26,2.933443307876587,1.0353304147720337,1.9144079685211182
w128_cont_ep12,w128c,12,5.7632,V,4,0,"(256, 64)",2.893343925476074,26,2.9406867027282715,1.0163626670837402,1.9344220161437988
w128_cont_ep12,w128c,12,5.7632,V,4,1,"(256, 64)",2.9459855556488037,26,2.92433500289917,0.9926508069038391,1.9327571392059326
w128_cont_ep12,w128c,12,5.7632,V,4,2,"(256, 64)",2.855701446533203,26,2.9271481037139893,1.0250189304351807,1.9394264221191406
w128_cont_ep12,w128c,12,5.7632,V,4,3,"(256, 64)",2.7955222129821777,26,2.956652879714966,1.0576388835906982,1.9316284656524658
w128_cont_ep12,w128c,12,5.7632,Wo,4,-1,"(256, 256)",32724.2578125,70,2.122692584991455,6.486602796940133e-05,0.8459126949310303
w128_cont_ep12,w128c,12,5.7632,FFN_up,4,-1,"(1024, 256)",2.9597017765045166,101,1.810632348060608,0.611761748790741,1.1668602228164673
w128_cont_ep12,w128c,12,5.7632,FFN_down,4,-1,"(256, 1024)",16.57977867126465,97,3.644402027130127,0.21981005370616913,0.6113568544387817
w128_cont_ep12,w128c,12,5.7632,Q,5,0,"(256, 64)",2.706813097000122,26,2.878225803375244,1.063326358795166,1.9325683116912842
w128_cont_ep12,w128c,12,5.7632,Q,5,1,"(256, 64)",2.906515598297119,26,2.9142677783966064,1.0026671886444092,1.9166362285614014
w128_cont_ep12,w128c,12,5.7632,Q,5,2,"(256, 64)",2.915142059326172,26,2.95418119430542,1.0133918523788452,1.9561190605163574
w128_cont_ep12,w128c,12,5.7632,Q,5,3,"(256, 64)",2.765214204788208,26,2.9093728065490723,1.0521328449249268,1.9346699714660645
w128_cont_ep12,w128c,12,5.7632,K,5,0,"(256, 64)",2.8416123390197754,26,2.952310085296631,1.0389559268951416,1.953664779663086
w128_cont_ep12,w128c,12,5.7632,K,5,1,"(256, 64)",2.818401336669922,26,2.964961290359497,1.0520011186599731,1.9040844440460205
w128_cont_ep12,w128c,12,5.7632,K,5,2,"(256, 64)",2.76098370552063,25,2.9119579792022705,1.0546813011169434,1.922560453414917
w128_cont_ep12,w128c,12,5.7632,K,5,3,"(256, 64)",2.805353879928589,26,2.8633949756622314,1.0206893682479858,1.921741008758545
w128_cont_ep12,w128c,12,5.7632,V,5,0,"(256, 64)",2.839272975921631,26,2.9774086475372314,1.0486518144607544,1.928459644317627
w128_cont_ep12,w128c,12,5.7632,V,5,1,"(256, 64)",2.9811480045318604,26,2.953418016433716,0.9906982183456421,1.921609878540039
w128_cont_ep12,w128c,12,5.7632,V,5,2,"(256, 64)",2.900841474533081,25,2.916220188140869,1.0053014755249023,1.927856206893921
w128_cont_ep12,w128c,12,5.7632,V,5,3,"(256, 64)",3.1211414337158203,26,2.956071615219116,0.9471123218536377,1.9313840866088867
w128_cont_ep12,w128c,12,5.7632,Wo,5,-1,"(256, 256)",538.7064819335938,70,2.018937110900879,0.0037477496080100536,0.844607949256897
w128_cont_ep12,w128c,12,5.7632,FFN_up,5,-1,"(1024, 256)",2.9030966758728027,103,1.7560012340545654,0.6048717498779297,1.1597075462341309
w128_cont_ep12,w128c,12,5.7632,FFN_down,5,-1,"(256, 1024)",13.266744613647461,87,2.7387263774871826,0.2064354419708252,0.577311635017395
w128_cont_ep12,w128c,12,5.7632,Q,6,0,"(256, 64)",2.958095073699951,26,2.921422004699707,0.9876024723052979,1.9290207624435425
w128_cont_ep12,w128c,12,5.7632,Q,6,1,"(256, 64)",2.743814468383789,26,2.9947803020477295,1.0914660692214966,1.9345202445983887
w128_cont_ep12,w128c,12,5.7632,Q,6,2,"(256, 64)",2.9766721725463867,26,2.9250667095184326,0.9826633334159851,1.9314382076263428
w128_cont_ep12,w128c,12,5.7632,Q,6,3,"(256, 64)",2.9512383937835693,26,2.957719087600708,1.002195954322815,1.9405884742736816
w128_cont_ep12,w128c,12,5.7632,K,6,0,"(256, 64)",2.891209840774536,26,2.929446220397949,1.0132250785827637,1.9448851346969604
w128_cont_ep12,w128c,12,5.7632,K,6,1,"(256, 64)",2.7710914611816406,26,2.9210376739501953,1.0541108846664429,1.9271084070205688
w128_cont_ep12,w128c,12,5.7632,K,6,2,"(256, 64)",2.7291829586029053,26,2.9283435344696045,1.072974443435669,1.9395954608917236
w128_cont_ep12,w128c,12,5.7632,K,6,3,"(256, 64)",2.8187930583953857,26,2.9497103691101074,1.0464444160461426,1.9537935256958008
w128_cont_ep12,w128c,12,5.7632,V,6,0,"(256, 64)",2.883350372314453,26,2.912835121154785,1.0102258920669556,1.9380104541778564
w128_cont_ep12,w128c,12,5.7632,V,6,1,"(256, 64)",2.9281249046325684,26,2.9908323287963867,1.0214155912399292,1.9294562339782715
w128_cont_ep12,w128c,12,5.7632,V,6,2,"(256, 64)",2.829627513885498,26,2.922257423400879,1.0327357053756714,1.939059853553772
w128_cont_ep12,w128c,12,5.7632,V,6,3,"(256, 64)",2.8091681003570557,26,2.950673818588257,1.050372838973999,1.934088945388794
w128_cont_ep12,w128c,12,5.7632,Wo,6,-1,"(256, 256)",1527.4764404296875,70,1.9949053525924683,0.0013060137862339616,0.8502569198608398
w128_cont_ep12,w128c,12,5.7632,FFN_up,6,-1,"(1024, 256)",3.965259075164795,99,2.3991806507110596,0.6050501465797424,1.1632237434387207
w128_cont_ep12,w128c,12,5.7632,FFN_down,6,-1,"(256, 1024)",5.918375015258789,91,1.8225727081298828,0.30795153975486755,0.684349536895752
w128_cont_ep12,w128c,12,5.7632,Q,7,0,"(256, 64)",2.896216630935669,26,2.9634037017822266,1.0231982469558716,1.9223262071609497
w128_cont_ep12,w128c,12,5.7632,Q,7,1,"(256, 64)",2.871814250946045,26,2.931816339492798,1.0208934545516968,1.944612979888916
w128_cont_ep12,w128c,12,5.7632,Q,7,2,"(256, 64)",2.9441514015197754,25,3.008251190185547,1.0217719078063965,1.957214593887329
w128_cont_ep12,w128c,12,5.7632,Q,7,3,"(256, 64)",2.714710235595703,26,2.9239606857299805,1.077080249786377,1.9370611906051636
w128_cont_ep12,w128c,12,5.7632,K,7,0,"(256, 64)",2.9001057147979736,25,3.000728130340576,1.034696102142334,1.9313534498214722
w128_cont_ep12,w128c,12,5.7632,K,7,1,"(256, 64)",2.8361713886260986,26,2.9964654445648193,1.0565177202224731,1.933660626411438
w128_cont_ep12,w128c,12,5.7632,K,7,2,"(256, 64)",2.7623353004455566,26,2.9345381259918213,1.0623395442962646,1.9436852931976318
w128_cont_ep12,w128c,12,5.7632,K,7,3,"(256, 64)",2.7407240867614746,25,2.945889949798584,1.07485830783844,1.9178547859191895
w128_cont_ep12,w128c,12,5.7632,V,7,0,"(256, 64)",2.8380868434906006,26,3.023662805557251,1.0653877258300781,1.9370238780975342
w128_cont_ep12,w128c,12,5.7632,V,7,1,"(256, 64)",3.091852903366089,26,3.1347310543060303,1.0138680934906006,1.9588720798492432
w128_cont_ep12,w128c,12,5.7632,V,7,2,"(256, 64)",2.8353614807128906,26,2.88664174079895,1.0180859565734863,1.9179682731628418
w128_cont_ep12,w128c,12,5.7632,V,7,3,"(256, 64)",2.8765246868133545,26,3.014708995819092,1.0480386018753052,1.9450185298919678
w128_cont_ep12,w128c,12,5.7632,Wo,7,-1,"(256, 256)",716.11669921875,71,2.0470657348632812,0.002858564490452409,0.8574181199073792
w128_cont_ep12,w128c,12,5.7632,FFN_up,7,-1,"(1024, 256)",7.3198628425598145,99,4.31632661819458,0.5896731615066528,1.1588155031204224
w128_cont_ep12,w128c,12,5.7632,FFN_down,7,-1,"(256, 1024)",26.927927017211914,80,7.2847700119018555,0.2705284357070923,0.6549489498138428
w256_ep13,w256,13,5.667,Q,0,0,"(256, 64)",2.8372600078582764,26,2.9848146438598633,1.0520060062408447,1.936160922050476
w256_ep13,w256,13,5.667,Q,0,1,"(256, 64)",2.975693941116333,26,2.992717742919922,1.0057209730148315,1.9426461458206177
w256_ep13,w256,13,5.667,Q,0,2,"(256, 64)",3.0349972248077393,25,2.9577112197875977,0.9745350480079651,1.927891731262207
w256_ep13,w256,13,5.667,Q,0,3,"(256, 64)",2.8171615600585938,26,3.0280230045318604,1.0748488903045654,1.9381874799728394
w256_ep13,w256,13,5.667,K,0,0,"(256, 64)",2.9703304767608643,26,2.9983294010162354,1.009426236152649,1.9302928447723389
w256_ep13,w256,13,5.667,K,0,1,"(256, 64)",2.8506083488464355,26,3.0153987407684326,1.0578088760375977,1.9360949993133545
w256_ep13,w256,13,5.667,K,0,2,"(256, 64)",2.8388359546661377,26,2.9951024055480957,1.0550459623336792,1.9445157051086426
w256_ep13,w256,13,5.667,K,0,3,"(256, 64)",2.7265679836273193,25,2.9316086769104004,1.0752010345458984,1.9302589893341064
w256_ep13,w256,13,5.667,V,0,0,"(256, 64)",2.758704900741577,25,2.931966543197632,1.062805414199829,1.9286396503448486
w256_ep13,w256,13,5.667,V,0,1,"(256, 64)",2.977797746658325,25,2.976377010345459,0.999522864818573,1.9360953569412231
w256_ep13,w256,13,5.667,V,0,2,"(256, 64)",2.9537124633789062,25,2.9297568798065186,0.9918896555900574,1.9291021823883057
w256_ep13,w256,13,5.667,V,0,3,"(256, 64)",2.928025245666504,25,2.9474594593048096,1.0066373348236084,1.9297174215316772
w256_ep13,w256,13,5.667,Wo,0,-1,"(256, 256)",20935.859375,60,2.1978189945220947,0.00010497868061065674,0.7920774221420288
w256_ep13,w256,13,5.667,FFN_up,0,-1,"(1024, 256)",6.0131025314331055,99,3.6837213039398193,0.6126157641410828,1.2081642150878906
w256_ep13,w256,13,5.667,FFN_down,0,-1,"(256, 1024)",11.757919311523438,81,2.9259305000305176,0.24884764850139618,0.7637674808502197
w256_ep13,w256,13,5.667,Q,1,0,"(256, 64)",2.905571460723877,26,3.0106565952301025,1.036166787147522,1.9484539031982422
w256_ep13,w256,13,5.667,Q,1,1,"(256, 64)",2.8338379859924316,26,2.864717721939087,1.0108968019485474,1.9385859966278076
w256_ep13,w256,13,5.667,Q,1,2,"(256, 64)",2.811068296432495,26,3.0236504077911377,1.0756232738494873,1.9321560859680176
w256_ep13,w256,13,5.667,Q,1,3,"(256, 64)",2.834496021270752,26,2.9559738636016846,1.0428569316864014,1.9324581623077393
w256_ep13,w256,13,5.667,K,1,0,"(256, 64)",2.945669174194336,26,2.937960386276245,0.9973829984664917,1.9407711029052734
w256_ep13,w256,13,5.667,K,1,1,"(256, 64)",2.8377115726470947,26,2.9508042335510254,1.0398534536361694,1.9486119747161865
w256_ep13,w256,13,5.667,K,1,2,"(256, 64)",2.7724497318267822,26,2.9144997596740723,1.0512362718582153,1.9419783353805542
w256_ep13,w256,13,5.667,K,1,3,"(256, 64)",3.0152628421783447,25,2.985978364944458,0.9902878999710083,1.9327919483184814
w256_ep13,w256,13,5.667,V,1,0,"(256, 64)",3.0047647953033447,25,2.952860116958618,0.9827258586883545,1.9217815399169922
w256_ep13,w256,13,5.667,V,1,1,"(256, 64)",2.965834140777588,25,2.9369144439697266,0.9902490377426147,1.9278411865234375
w256_ep13,w256,13,5.667,V,1,2,"(256, 64)",2.7078943252563477,26,2.876892328262329,1.0624094009399414,1.9421813488006592
w256_ep13,w256,13,5.667,V,1,3,"(256, 64)",2.8987631797790527,26,2.960768222808838,1.0213901996612549,1.9420593976974487
w256_ep13,w256,13,5.667,Wo,1,-1,"(256, 256)",1600.128173828125,70,2.0697295665740967,0.0012934773694723845,0.8453732132911682
w256_ep13,w256,13,5.667,FFN_up,1,-1,"(1024, 256)",4.611204147338867,101,2.761523962020874,0.5988726019859314,1.1419274806976318
w256_ep13,w256,13,5.667,FFN_down,1,-1,"(256, 1024)",7.9932475090026855,90,2.372999668121338,0.296875536441803,0.7006542682647705
w256_ep13,w256,13,5.667,Q,2,0,"(256, 64)",2.8316457271575928,26,2.860084295272827,1.0100431442260742,1.9210331439971924
w256_ep13,w256,13,5.667,Q,2,1,"(256, 64)",2.966423988342285,26,3.0104708671569824,1.0148484706878662,1.9384820461273193
w256_ep13,w256,13,5.667,Q,2,2,"(256, 64)",2.9493935108184814,25,2.973886251449585,1.0083043575286865,1.910083293914795
w256_ep13,w256,13,5.667,Q,2,3,"(256, 64)",2.900582790374756,26,2.980268716812134,1.0274723768234253,1.9311137199401855
w256_ep13,w256,13,5.667,K,2,0,"(256, 64)",2.68131685256958,26,2.9231417179107666,1.0901888608932495,1.9296703338623047
w256_ep13,w256,13,5.667,K,2,1,"(256, 64)",2.836585521697998,26,2.9700684547424316,1.0470576286315918,1.9465062618255615
w256_ep13,w256,13,5.667,K,2,2,"(256, 64)",2.9844648838043213,26,2.97800350189209,0.9978349804878235,1.9201385974884033
w256_ep13,w256,13,5.667,K,2,3,"(256, 64)",2.8577606678009033,26,2.8943982124328613,1.0128203630447388,1.9337067604064941
w256_ep13,w256,13,5.667,V,2,0,"(256, 64)",2.7281546592712402,26,3.006666898727417,1.1020880937576294,1.953457236289978
w256_ep13,w256,13,5.667,V,2,1,"(256, 64)",2.910386085510254,26,3.0066449642181396,1.0330742597579956,1.9273912906646729
w256_ep13,w256,13,5.667,V,2,2,"(256, 64)",2.67756724357605,26,2.977491855621338,1.112013816833496,1.9469289779663086
w256_ep13,w256,13,5.667,V,2,3,"(256, 64)",2.7797040939331055,26,2.859797954559326,1.0288138389587402,1.9273264408111572
w256_ep13,w256,13,5.667,Wo,2,-1,"(256, 256)",525.4490356445312,71,2.0451669692993164,0.0038922270759940147,0.8521672487258911
w256_ep13,w256,13,5.667,FFN_up,2,-1,"(1024, 256)",5.395528316497803,105,3.509711742401123,0.6504852771759033,1.1750831604003906
w256_ep13,w256,13,5.667,FFN_down,2,-1,"(256, 1024)",6.128115653991699,100,1.8238158226013184,0.2976144552230835,0.7540358304977417
w256_ep13,w256,13,5.667,Q,3,0,"(256, 64)",2.967773675918579,26,2.9791715145111084,1.0038405656814575,1.940614938735962
w256_ep13,w256,13,5.667,Q,3,1,"(256, 64)",2.7749857902526855,26,2.8769350051879883,1.036738634109497,1.9361071586608887
w256_ep13,w256,13,5.667,Q,3,2,"(256, 64)",2.868166923522949,26,2.8938827514648438,1.0089659690856934,1.910200595855713
w256_ep13,w256,13,5.667,Q,3,3,"(256, 64)",2.8622729778289795,26,2.8860082626342773,1.0082924365997314,1.9390690326690674
w256_ep13,w256,13,5.667,K,3,0,"(256, 64)",2.834077835083008,26,2.9408481121063232,1.0376737117767334,1.9445503950119019
w256_ep13,w256,13,5.667,K,3,1,"(256, 64)",2.9792935848236084,26,3.000929832458496,1.0072622299194336,1.936856985092163
w256_ep13,w256,13,5.667,K,3,2,"(256, 64)",3.031900405883789,25,2.991253614425659,0.9865936636924744,1.9266819953918457
w256_ep13,w256,13,5.667,K,3,3,"(256, 64)",3.047734260559082,26,3.068122148513794,1.0066895484924316,1.9234012365341187
w256_ep13,w256,13,5.667,V,3,0,"(256, 64)",3.0091381072998047,25,2.8539323806762695,0.948421835899353,1.9221489429473877
w256_ep13,w256,13,5.667,V,3,1,"(256, 64)",2.9150936603546143,26,2.9755566120147705,1.02074134349823,1.9448672533035278
w256_ep13,w256,13,5.667,V,3,2,"(256, 64)",2.7868125438690186,25,2.9419362545013428,1.0556634664535522,1.9487470388412476
w256_ep13,w256,13,5.667,V,3,3,"(256, 64)",2.89172101020813,26,2.983107566833496,1.0316028594970703,1.9401063919067383
w256_ep13,w256,13,5.667,Wo,3,-1,"(256, 256)",531.0442504882812,71,2.0279979705810547,0.0038188870530575514,0.8497224450111389
w256_ep13,w256,13,5.667,FFN_up,3,-1,"(1024, 256)",3.4510929584503174,103,1.9543635845184326,0.5663027763366699,1.1812787055969238
w256_ep13,w256,13,5.667,FFN_down,3,-1,"(256, 1024)",9.168095588684082,103,3.2058629989624023,0.3496760129928589,0.6892638206481934
w256_ep13,w256,13,5.667,Q,4,0,"(256, 64)",2.8709678649902344,26,3.0224554538726807,1.0527653694152832,1.9429219961166382
w256_ep13,w256,13,5.667,Q,4,1,"(256, 64)",2.8188047409057617,26,2.9454991817474365,1.0449461936950684,1.9400606155395508
w256_ep13,w256,13,5.667,Q,4,2,"(256, 64)",2.7388219833374023,26,2.8607237339019775,1.0445088148117065,1.9241068363189697
w256_ep13,w256,13,5.667,Q,4,3,"(256, 64)",2.816014289855957,25,2.9882287979125977,1.0611554384231567,1.943480372428894
w256_ep13,w256,13,5.667,K,4,0,"(256, 64)",2.745048999786377,26,2.985269546508789,1.0875104665756226,1.9392337799072266
w256_ep13,w256,13,5.667,K,4,1,"(256, 64)",2.8154780864715576,26,2.9670324325561523,1.0538289546966553,1.9393070936203003
w256_ep13,w256,13,5.667,K,4,2,"(256, 64)",2.774110794067383,26,2.901268482208252,1.0458372831344604,1.9268525838851929
w256_ep13,w256,13,5.667,K,4,3,"(256, 64)",2.8343639373779297,26,2.933741331100464,1.0350615978240967,1.9143983125686646
w256_ep13,w256,13,5.667,V,4,0,"(256, 64)",2.8891539573669434,26,2.9391112327575684,1.0172913074493408,1.9346051216125488
w256_ep13,w256,13,5.667,V,4,1,"(256, 64)",2.9461915493011475,26,2.924582004547119,0.9926652312278748,1.9327569007873535
w256_ep13,w256,13,5.667,V,4,2,"(256, 64)",2.869152784347534,26,2.9282219409942627,1.020587682723999,1.939560890197754
w256_ep13,w256,13,5.667,V,4,3,"(256, 64)",2.802769660949707,26,2.960705041885376,1.056349754333496,1.931874394416809
w256_ep13,w256,13,5.667,Wo,4,-1,"(256, 256)",763.775634765625,70,2.126861333847046,0.002784667769446969,0.8463062644004822
w256_ep13,w256,13,5.667,FFN_up,4,-1,"(1024, 256)",2.838026285171509,101,1.8043928146362305,0.6357914209365845,1.1753132343292236
w256_ep13,w256,13,5.667,FFN_down,4,-1,"(256, 1024)",16.88104820251465,97,3.589737892150879,0.21264898777008057,0.6385893225669861
w256_ep13,w256,13,5.667,Q,5,0,"(256, 64)",2.7075963020324707,26,2.878443956375122,1.0630993843078613,1.932580828666687
w256_ep13,w256,13,5.667,Q,5,1,"(256, 64)",2.907259464263916,26,2.9140186309814453,1.0023249387741089,1.916643738746643
w256_ep13,w256,13,5.667,Q,5,2,"(256, 64)",2.9135122299194336,26,2.9545013904571533,1.014068603515625,1.9561352729797363
w256_ep13,w256,13,5.667,Q,5,3,"(256, 64)",2.7648210525512695,26,2.9095652103424072,1.0523520708084106,1.934668779373169
w256_ep13,w256,13,5.667,K,5,0,"(256, 64)",2.842479705810547,26,2.952277183532715,1.0386273860931396,1.9536761045455933
w256_ep13,w256,13,5.667,K,5,1,"(256, 64)",2.818267583847046,26,2.964324474334717,1.0518250465393066,1.9040930271148682
w256_ep13,w256,13,5.667,K,5,2,"(256, 64)",2.7614800930023193,25,2.9124722480773926,1.054677963256836,1.922558069229126
w256_ep13,w256,13,5.667,K,5,3,"(256, 64)",2.805490732192993,26,2.863785982131958,1.020779013633728,1.9217544794082642
w256_ep13,w256,13,5.667,V,5,0,"(256, 64)",2.848881483078003,26,2.9763596057891846,1.04474675655365,1.928769588470459
w256_ep13,w256,13,5.667,V,5,1,"(256, 64)",2.9882781505584717,26,2.9484872817993164,0.9866843819618225,1.9217041730880737
w256_ep13,w256,13,5.667,V,5,2,"(256, 64)",2.8994734287261963,25,2.9148495197296143,1.0053030252456665,1.9281249046325684
w256_ep13,w256,13,5.667,V,5,3,"(256, 64)",3.1114675998687744,26,2.9565513134002686,0.9502111673355103,1.9316343069076538
w256_ep13,w256,13,5.667,Wo,5,-1,"(256, 256)",547.1297607421875,70,2.0111923217773438,0.003675896441563964,0.8454897403717041
w256_ep13,w256,13,5.667,FFN_up,5,-1,"(1024, 256)",3.0225539207458496,103,1.7433440685272217,0.5767784714698792,1.1711640357971191
w256_ep13,w256,13,5.667,FFN_down,5,-1,"(256, 1024)",11.518289566040039,88,2.7113356590270996,0.2353939414024353,0.6122777462005615
w256_ep13,w256,13,5.667,Q,6,0,"(256, 64)",2.952092170715332,26,2.9204771518707275,0.9892906546592712,1.9293451309204102
w256_ep13,w256,13,5.667,Q,6,1,"(256, 64)",2.741206169128418,26,2.996760129928589,1.0932267904281616,1.9346671104431152
w256_ep13,w256,13,5.667,Q,6,2,"(256, 64)",2.9872071743011475,26,2.927729368209839,0.9800891280174255,1.9314923286437988
w256_ep13,w256,13,5.667,Q,6,3,"(256, 64)",2.9586071968078613,26,2.962239980697632,1.001227855682373,1.940672516822815
w256_ep13,w256,13,5.667,K,6,0,"(256, 64)",2.89928936958313,26,2.9283907413482666,1.0100374221801758,1.9451286792755127
w256_ep13,w256,13,5.667,K,6,1,"(256, 64)",2.7710492610931396,26,2.923210620880127,1.0549111366271973,1.927063226699829
w256_ep13,w256,13,5.667,K,6,2,"(256, 64)",2.721295118331909,26,2.9306986331939697,1.076949954032898,1.9398479461669922
w256_ep13,w256,13,5.667,K,6,3,"(256, 64)",2.8124184608459473,26,2.949465036392212,1.0487290620803833,1.953884243965149
w256_ep13,w256,13,5.667,V,6,0,"(256, 64)",2.8938584327697754,26,2.9055979251861572,1.004056692123413,1.9385769367218018
w256_ep13,w256,13,5.667,V,6,1,"(256, 64)",2.9240427017211914,26,2.9950857162475586,1.0242961645126343,1.9296727180480957
w256_ep13,w256,13,5.667,V,6,2,"(256, 64)",2.8244190216064453,26,2.92057728767395,1.0340453386306763,1.9394874572753906
w256_ep13,w256,13,5.667,V,6,3,"(256, 64)",2.811264753341675,25,2.954310894012451,1.050883173942566,1.934300184249878
w256_ep13,w256,13,5.667,Wo,6,-1,"(256, 256)",790.4822998046875,70,1.996116042137146,0.002525187563151121,0.8513175249099731
w256_ep13,w256,13,5.667,FFN_up,6,-1,"(1024, 256)",3.964339256286621,99,2.3952994346618652,0.6042115092277527,1.1710329055786133
w256_ep13,w256,13,5.667,FFN_down,6,-1,"(256, 1024)",5.597258567810059,91,1.793713927268982,0.3204629421234131,0.7011445760726929
w256_ep13,w256,13,5.667,Q,7,0,"(256, 64)",2.902042865753174,26,2.9637417793273926,1.0212604999542236,1.9224236011505127
w256_ep13,w256,13,5.667,Q,7,1,"(256, 64)",2.9004945755004883,26,2.9393272399902344,1.0133882761001587,1.9446200132369995
w256_ep13,w256,13,5.667,Q,7,2,"(256, 64)",2.951141834259033,25,3.0083653926849365,1.019390344619751,1.9574332237243652
w256_ep13,w256,13,5.667,Q,7,3,"(256, 64)",2.73136305809021,26,2.92763614654541,1.0718590021133423,1.9370596408843994
w256_ep13,w256,13,5.667,K,7,0,"(256, 64)",2.8984973430633545,25,3.0003087520599365,1.0351256132125854,1.931429386138916
w256_ep13,w256,13,5.667,K,7,1,"(256, 64)",2.860380172729492,26,3.0013465881347656,1.049282431602478,1.9338889122009277
w256_ep13,w256,13,5.667,K,7,2,"(256, 64)",2.768768548965454,26,2.937934637069702,1.0610979795455933,1.9437553882598877
w256_ep13,w256,13,5.667,K,7,3,"(256, 64)",2.7463510036468506,25,2.946791172027588,1.072984218597412,1.9180057048797607
w256_ep13,w256,13,5.667,V,7,0,"(256, 64)",2.843785285949707,26,3.026590585708618,1.0642824172973633,1.937088966369629
w256_ep13,w256,13,5.667,V,7,1,"(256, 64)",3.0959689617156982,26,3.135063648223877,1.0126276016235352,1.95893394947052
w256_ep13,w256,13,5.667,V,7,2,"(256, 64)",2.8406741619110107,26,2.8878819942474365,1.0166184902191162,1.9180549383163452
w256_ep13,w256,13,5.667,V,7,3,"(256, 64)",2.874894857406616,26,3.015799045562744,1.0490119457244873,1.9449996948242188
w256_ep13,w256,13,5.667,Wo,7,-1,"(256, 256)",3206.291748046875,71,2.0447733402252197,0.0006377377430908382,0.8581234216690063
w256_ep13,w256,13,5.667,FFN_up,7,-1,"(1024, 256)",7.128528594970703,99,4.218014717102051,0.5917090177536011,1.158983826637268
w256_ep13,w256,13,5.667,FFN_down,7,-1,"(256, 1024)",25.39398765563965,80,7.071750640869141,0.27848130464553833,0.661811113357544
d512_ep15_unfused,d512u,15,5.7338,Q,0,0,"(512, 128)",2.817051649093628,26,2.9866514205932617,1.0602047443389893,1.9379258155822754
d512_ep15_unfused,d512u,15,5.7338,Q,0,1,"(512, 128)",2.986032009124756,26,3.0095696449279785,1.0078825950622559,1.944746494293213
d512_ep15_unfused,d512u,15,5.7338,Q,0,2,"(512, 128)",3.0334484577178955,25,2.954989433288574,0.9741353988647461,1.9279940128326416
d512_ep15_unfused,d512u,15,5.7338,Q,0,3,"(512, 128)",2.8205649852752686,26,3.0261471271514893,1.0728868246078491,1.9383009672164917
d512_ep15_unfused,d512u,15,5.7338,K,0,0,"(512, 128)",3.0208687782287598,25,3.027494430541992,1.0021933317184448,1.9311631917953491
d512_ep15_unfused,d512u,15,5.7338,K,0,1,"(512, 128)",2.873415231704712,26,3.054572820663452,1.0630460977554321,1.9374725818634033
d512_ep15_unfused,d512u,15,5.7338,K,0,2,"(512, 128)",2.842442750930786,26,2.996792793273926,1.0543018579483032,1.9446743726730347
d512_ep15_unfused,d512u,15,5.7338,K,0,3,"(512, 128)",2.725198745727539,26,2.931929349899292,1.0758589506149292,1.9304358959197998
d512_ep15_unfused,d512u,15,5.7338,V,0,0,"(512, 128)",44.60927963256836,28,2.954651355743408,0.06623400747776031,1.0587713718414307
d512_ep15_unfused,d512u,15,5.7338,V,0,1,"(512, 128)",51.82118606567383,28,2.989145517349243,0.05768192186951637,1.0547006130218506
d512_ep15_unfused,d512u,15,5.7338,V,0,2,"(512, 128)",39.54910659790039,26,2.932349920272827,0.07414452731609344,1.337814450263977
d512_ep15_unfused,d512u,15,5.7338,V,0,3,"(512, 128)",2.9250941276550293,25,2.953073024749756,1.0095651149749756,1.9303147792816162
d512_ep15_unfused,d512u,15,5.7338,Wo,0,-1,"(512, 512)",4.5719558976698814e+32,61,2.1871511936187744,4.7838414012743066e-33,0.63552325963974
d512_ep15_unfused,d512u,15,5.7338,FFN_up,0,-1,"(2048, 512)",inf,100,2.9366519451141357,1.401298464324817e-45,0.9409311413764954
d512_ep15_unfused,d512u,15,5.7338,FFN_down,0,-1,"(512, 2048)",1.6122874010354107e+32,84,3.2996089458465576,2.0465388973910673e-32,0.6194714903831482
d512_ep15_unfused,d512u,15,5.7338,Q,1,0,"(512, 128)",2.8949859142303467,26,3.0135464668273926,1.0409537553787231,1.9495811462402344
d512_ep15_unfused,d512u,15,5.7338,Q,1,1,"(512, 128)",2.8245975971221924,26,2.865199089050293,1.0143742561340332,1.9396779537200928
d512_ep15_unfused,d512u,15,5.7338,Q,1,2,"(512, 128)",2.810786008834839,26,3.0255167484283447,1.0763952732086182,1.9328135251998901
d512_ep15_unfused,d512u,15,5.7338,Q,1,3,"(512, 128)",2.825918436050415,26,2.9610040187835693,1.0478023290634155,1.9336583614349365
d512_ep15_unfused,d512u,15,5.7338,K,1,0,"(512, 128)",2.9408931732177734,26,2.9437637329101562,1.0009760856628418,1.9411873817443848
d512_ep15_unfused,d512u,15,5.7338,K,1,1,"(512, 128)",2.8397858142852783,26,2.952833414077759,1.0398085117340088,1.9488229751586914
d512_ep15_unfused,d512u,15,5.7338,K,1,2,"(512, 128)",2.7697887420654297,26,2.91599702835083,1.0527868270874023,1.9421484470367432
d512_ep15_unfused,d512u,15,5.7338,K,1,3,"(512, 128)",3.0101728439331055,25,2.985161304473877,0.991690993309021,1.9329506158828735
d512_ep15_unfused,d512u,15,5.7338,V,1,0,"(512, 128)",93.29268646240234,27,2.9634668827056885,0.03176526352763176,1.0225149393081665
d512_ep15_unfused,d512u,15,5.7338,V,1,1,"(512, 128)",96.49778747558594,27,2.944469690322876,0.03051333874464035,1.023383617401123
d512_ep15_unfused,d512u,15,5.7338,V,1,2,"(512, 128)",233.26788330078125,26,2.8796792030334473,0.012344945222139359,1.314019799232483
d512_ep15_unfused,d512u,15,5.7338,V,1,3,"(512, 128)",2.891989231109619,26,2.9651005268096924,1.0252805948257446,1.9466972351074219
d512_ep15_unfused,d512u,15,5.7338,Wo,1,-1,"(512, 512)",inf,72,2.297907590866089,1.401298464324817e-45,0.6745049357414246
d512_ep15_unfused,d512u,15,5.7338,FFN_up,1,-1,"(2048, 512)",inf,102,2.135253667831421,1.401298464324817e-45,0.8988524675369263
d512_ep15_unfused,d512u,15,5.7338,FFN_down,1,-1,"(512, 2048)",1.4015938749116617e+32,94,3.255629062652588,2.322804902152466e-32,0.5891152620315552
d512_ep15_unfused,d512u,15,5.7338,Q,2,0,"(512, 128)",2.8276712894439697,26,2.864659547805786,1.0130808353424072,1.9223995208740234
d512_ep15_unfused,d512u,15,5.7338,Q,2,1,"(512, 128)",2.960737705230713,26,3.0102789402008057,1.0167326927185059,1.9395734071731567
d512_ep15_unfused,d512u,15,5.7338,Q,2,2,"(512, 128)",2.950728178024292,25,2.974655866622925,1.0081090927124023,1.9109327793121338
d512_ep15_unfused,d512u,15,5.7338,Q,2,3,"(512, 128)",2.9018142223358154,26,2.981037139892578,1.0273011922836304,1.9318407773971558
d512_ep15_unfused,d512u,15,5.7338,K,2,0,"(512, 128)",2.6845128536224365,26,2.9260032176971436,1.0899568796157837,1.9300916194915771
d512_ep15_unfused,d512u,15,5.7338,K,2,1,"(512, 128)",2.8323581218719482,26,2.974163293838501,1.0500661134719849,1.946861743927002
d512_ep15_unfused,d512u,15,5.7338,K,2,2,"(512, 128)",2.985947370529175,26,2.976670742034912,0.9968932271003723,1.9204075336456299
d512_ep15_unfused,d512u,15,5.7338,K,2,3,"(512, 128)",2.8523080348968506,26,2.895139217376709,1.0150163173675537,1.9337764978408813
d512_ep15_unfused,d512u,15,5.7338,V,2,0,"(512, 128)",77.38082885742188,28,3.009495973587036,0.03889200836420059,1.0433049201965332
d512_ep15_unfused,d512u,15,5.7338,V,2,1,"(512, 128)",77.37142181396484,28,3.0059382915496826,0.03885075822472572,1.0285723209381104
d512_ep15_unfused,d512u,15,5.7338,V,2,2,"(512, 128)",179.02481079101562,26,2.9846513271331787,0.016671719029545784,1.3218127489089966
d512_ep15_unfused,d512u,15,5.7338,V,2,3,"(512, 128)",2.7936151027679443,26,2.875744104385376,1.029398798942566,1.9310883283615112
d512_ep15_unfused,d512u,15,5.7338,Wo,2,-1,"(512, 512)",3.0207884010818914e+32,72,2.417433977127075,8.00265901122259e-33,0.6884104609489441
d512_ep15_unfused,d512u,15,5.7338,FFN_up,2,-1,"(2048, 512)",inf,106,2.6030969619750977,1.401298464324817e-45,0.9213473796844482
d512_ep15_unfused,d512u,15,5.7338,FFN_down,2,-1,"(512, 2048)",7.936489686016603e+31,100,3.001357316970825,3.781719022481669e-32,0.6001869440078735
d512_ep15_unfused,d512u,15,5.7338,Q,3,0,"(512, 128)",2.9904394149780273,26,2.983306884765625,0.9976149201393127,1.9416143894195557
d512_ep15_unfused,d512u,15,5.7338,Q,3,1,"(512, 128)",2.7535817623138428,26,2.8762221336364746,1.0445384979248047,1.9374024868011475
d512_ep15_unfused,d512u,15,5.7338,Q,3,2,"(512, 128)",2.860975742340088,26,2.892491579055786,1.011015772819519,1.911357045173645
d512_ep15_unfused,d512u,15,5.7338,Q,3,3,"(512, 128)",2.8518078327178955,26,2.888101816177368,1.0127266645431519,1.9400432109832764
d512_ep15_unfused,d512u,15,5.7338,K,3,0,"(512, 128)",2.8279199600219727,26,2.9423365592956543,1.0404596328735352,1.9451218843460083
d512_ep15_unfused,d512u,15,5.7338,K,3,1,"(512, 128)",2.9813642501831055,26,3.002868413925171,1.0072128772735596,1.9372634887695312
d512_ep15_unfused,d512u,15,5.7338,K,3,2,"(512, 128)",3.0330252647399902,25,2.9913530349731445,0.9862604737281799,1.9269108772277832
d512_ep15_unfused,d512u,15,5.7338,K,3,3,"(512, 128)",3.0444846153259277,26,3.0678625106811523,1.007678747177124,1.9236443042755127
d512_ep15_unfused,d512u,15,5.7338,V,3,0,"(512, 128)",62.79811477661133,28,2.8607301712036133,0.04555439576506615,1.0345535278320312
d512_ep15_unfused,d512u,15,5.7338,V,3,1,"(512, 128)",72.81861114501953,28,2.978001832962036,0.04089616239070892,1.0427556037902832
d512_ep15_unfused,d512u,15,5.7338,V,3,2,"(512, 128)",147.15980529785156,26,2.935997247695923,0.01995108090341091,1.3263071775436401
d512_ep15_unfused,d512u,15,5.7338,V,3,3,"(512, 128)",2.8729217052459717,26,2.990093231201172,1.0407848358154297,1.94475257396698
d512_ep15_unfused,d512u,15,5.7338,Wo,3,-1,"(512, 512)",2.4486697696510056e+32,73,2.3667566776275635,9.665479524433212e-33,0.6899129748344421
d512_ep15_unfused,d512u,15,5.7338,FFN_up,3,-1,"(2048, 512)",inf,103,1.8826061487197876,1.401298464324817e-45,0.8925560116767883
d512_ep15_unfused,d512u,15,5.7338,FFN_down,3,-1,"(512, 2048)",1.638955047333257e+32,100,3.46227765083313,2.112490889564715e-32,0.5858249068260193
d512_ep15_unfused,d512u,15,5.7338,Q,4,0,"(512, 128)",2.876560926437378,26,3.0185437202453613,1.0493584871292114,1.9435038566589355
d512_ep15_unfused,d512u,15,5.7338,Q,4,1,"(512, 128)",2.8182883262634277,26,2.9427707195281982,1.044169545173645,1.940779447555542
d512_ep15_unfused,d512u,15,5.7338,Q,4,2,"(512, 128)",2.738612413406372,26,2.861048698425293,1.0447074174880981,1.9248814582824707
d512_ep15_unfused,d512u,15,5.7338,Q,4,3,"(512, 128)",2.8110511302948,25,2.989682912826538,1.0635462999343872,1.943809151649475
d512_ep15_unfused,d512u,15,5.7338,K,4,0,"(512, 128)",2.7433414459228516,26,2.990039587020874,1.0899261236190796,1.9395501613616943
d512_ep15_unfused,d512u,15,5.7338,K,4,1,"(512, 128)",2.8261077404022217,26,2.9666991233825684,1.049747347831726,1.939695954322815
d512_ep15_unfused,d512u,15,5.7338,K,4,2,"(512, 128)",2.785644292831421,26,2.9050822257995605,1.0428762435913086,1.9273756742477417
d512_ep15_unfused,d512u,15,5.7338,K,4,3,"(512, 128)",2.8352253437042236,26,2.9348857402801514,1.0351507663726807,1.9146286249160767
d512_ep15_unfused,d512u,15,5.7338,V,4,0,"(512, 128)",68.14618682861328,28,2.9478037357330322,0.04325706139206886,1.0368987321853638
d512_ep15_unfused,d512u,15,5.7338,V,4,1,"(512, 128)",71.72401428222656,28,2.933084487915039,0.0408940389752388,1.0333938598632812
d512_ep15_unfused,d512u,15,5.7338,V,4,2,"(512, 128)",162.5255889892578,26,2.9231040477752686,0.017985500395298004,1.3202544450759888
d512_ep15_unfused,d512u,15,5.7338,V,4,3,"(512, 128)",2.814831018447876,26,2.961789131164551,1.0522085428237915,1.9373219013214111
d512_ep15_unfused,d512u,15,5.7338,Wo,4,-1,"(512, 512)",inf,72,2.359877824783325,1.401298464324817e-45,0.6833045482635498
d512_ep15_unfused,d512u,15,5.7338,FFN_up,4,-1,"(2048, 512)",inf,103,1.8551305532455444,1.401298464324817e-45,0.9323472380638123
d512_ep15_unfused,d512u,15,5.7338,FFN_down,4,-1,"(512, 2048)",1.5928756307928258e+32,94,3.5683794021606445,2.2402121711381966e-32,0.5635098218917847
d512_ep15_unfused,d512u,15,5.7338,Q,5,0,"(512, 128)",2.686272382736206,26,2.881408929824829,1.0726420879364014,1.9335705041885376
d512_ep15_unfused,d512u,15,5.7338,Q,5,1,"(512, 128)",2.8526439666748047,26,2.9134693145751953,1.02132248878479,1.9178187847137451
d512_ep15_unfused,d512u,15,5.7338,Q,5,2,"(512, 128)",2.928471803665161,26,2.957392692565918,1.009875774383545,1.9565000534057617
d512_ep15_unfused,d512u,15,5.7338,Q,5,3,"(512, 128)",2.763442039489746,26,2.908799886703491,1.0526002645492554,1.9350707530975342
d512_ep15_unfused,d512u,15,5.7338,K,5,0,"(512, 128)",2.8446309566497803,26,2.9517807960510254,1.0376673936843872,1.9548804759979248
d512_ep15_unfused,d512u,15,5.7338,K,5,1,"(512, 128)",2.813356876373291,26,2.9656126499176025,1.0541188716888428,1.9055230617523193
d512_ep15_unfused,d512u,15,5.7338,K,5,2,"(512, 128)",2.765070676803589,25,2.916935443878174,1.0549225807189941,1.9231237173080444
d512_ep15_unfused,d512u,15,5.7338,K,5,3,"(512, 128)",2.7941653728485107,26,2.8626620769500732,1.0245141983032227,1.922117829322815
d512_ep15_unfused,d512u,15,5.7338,V,5,0,"(512, 128)",63.20490646362305,28,2.979048013687134,0.047133177518844604,1.0517624616622925
d512_ep15_unfused,d512u,15,5.7338,V,5,1,"(512, 128)",74.61580657958984,28,2.9496963024139404,0.03953178972005844,1.0355092287063599
d512_ep15_unfused,d512u,15,5.7338,V,5,2,"(512, 128)",156.18699645996094,26,2.9095873832702637,0.01862887106835842,1.3154888153076172
d512_ep15_unfused,d512u,15,5.7338,V,5,3,"(512, 128)",3.158278226852417,26,2.9746992588043213,0.9418737292289734,1.9366483688354492
d512_ep15_unfused,d512u,15,5.7338,Wo,5,-1,"(512, 512)",inf,73,2.247800588607788,1.401298464324817e-45,0.6896318197250366
d512_ep15_unfused,d512u,15,5.7338,FFN_up,5,-1,"(2048, 512)",inf,104,1.9496430158615112,1.401298464324817e-45,0.931786835193634
d512_ep15_unfused,d512u,15,5.7338,FFN_down,5,-1,"(512, 2048)",1.0621306963280376e+32,91,2.6423425674438477,2.487775395651598e-32,0.5651116371154785
d512_ep15_unfused,d512u,15,5.7338,Q,6,0,"(512, 128)",2.9399192333221436,26,2.92257022857666,0.9940988421440125,1.9337961673736572
d512_ep15_unfused,d512u,15,5.7338,Q,6,1,"(512, 128)",2.757962465286255,26,3.004246711730957,1.0892993211746216,1.9363059997558594
d512_ep15_unfused,d512u,15,5.7338,Q,6,2,"(512, 128)",2.983337879180908,26,2.926940679550171,0.9810959696769714,1.9324638843536377
d512_ep15_unfused,d512u,15,5.7338,Q,6,3,"(512, 128)",2.950807571411133,26,2.9643428325653076,1.004586935043335,1.9414658546447754
d512_ep15_unfused,d512u,15,5.7338,K,6,0,"(512, 128)",2.8561840057373047,26,2.9455409049987793,1.0312854051589966,1.9488630294799805
d512_ep15_unfused,d512u,15,5.7338,K,6,1,"(512, 128)",2.765878438949585,26,2.9263813495635986,1.0580296516418457,1.9280494451522827
d512_ep15_unfused,d512u,15,5.7338,K,6,2,"(512, 128)",2.727289915084839,26,2.9329168796539307,1.0753960609436035,1.9405802488327026
d512_ep15_unfused,d512u,15,5.7338,K,6,3,"(512, 128)",2.80522084236145,26,2.9527363777160645,1.0525860786437988,1.9542570114135742
d512_ep15_unfused,d512u,15,5.7338,V,6,0,"(512, 128)",33.4765625,29,2.9132301807403564,0.08702297508716583,1.0902907848358154
d512_ep15_unfused,d512u,15,5.7338,V,6,1,"(512, 128)",49.93174362182617,28,3.003632068634033,0.060154762119054794,1.0596957206726074
d512_ep15_unfused,d512u,15,5.7338,V,6,2,"(512, 128)",42.65995788574219,27,2.9232189655303955,0.06852371990680695,1.3610378503799438
d512_ep15_unfused,d512u,15,5.7338,V,6,3,"(512, 128)",2.81071138381958,26,2.9471042156219482,1.0485260486602783,1.9394729137420654
d512_ep15_unfused,d512u,15,5.7338,Wo,6,-1,"(512, 512)",1.380731006829277e+32,74,2.035104751586914,1.473932823902484e-32,0.7105299830436707
d512_ep15_unfused,d512u,15,5.7338,FFN_up,6,-1,"(2048, 512)",inf,100,2.4940719604492188,1.401298464324817e-45,0.9139395356178284
d512_ep15_unfused,d512u,15,5.7338,FFN_down,6,-1,"(512, 2048)",1.2574345000540268e+32,92,2.0973284244537354,1.6679424359707422e-32,0.6090283393859863
d512_ep15_unfused,d512u,15,5.7338,Q,7,0,"(512, 128)",2.885457992553711,26,2.9699182510375977,1.0292710065841675,1.925783634185791
d512_ep15_unfused,d512u,15,5.7338,Q,7,1,"(512, 128)",2.9269120693206787,26,2.932429075241089,1.001884937286377,1.9480929374694824
d512_ep15_unfused,d512u,15,5.7338,Q,7,2,"(512, 128)",2.908254861831665,25,3.0107686519622803,1.0352492332458496,1.9591648578643799
d512_ep15_unfused,d512u,15,5.7338,Q,7,3,"(512, 128)",2.741746187210083,26,2.9287354946136475,1.0682008266448975,1.9376765489578247
d512_ep15_unfused,d512u,15,5.7338,K,7,0,"(512, 128)",2.86749005317688,25,2.99989652633667,1.0461750030517578,1.935093641281128
d512_ep15_unfused,d512u,15,5.7338,K,7,1,"(512, 128)",2.8336427211761475,26,3.003560781478882,1.0599645376205444,1.9375050067901611
d512_ep15_unfused,d512u,15,5.7338,K,7,2,"(512, 128)",2.7640221118927,26,2.9395947456359863,1.0635206699371338,1.945538878440857
d512_ep15_unfused,d512u,15,5.7338,K,7,3,"(512, 128)",2.7524802684783936,26,2.9430954456329346,1.0692521333694458,1.9186135530471802
d512_ep15_unfused,d512u,15,5.7338,V,7,0,"(512, 128)",40.763694763183594,29,3.0278379917144775,0.07427781075239182,1.0834747552871704
d512_ep15_unfused,d512u,15,5.7338,V,7,1,"(512, 128)",53.95360565185547,29,3.1402781009674072,0.05820330232381821,1.0812506675720215
d512_ep15_unfused,d512u,15,5.7338,V,7,2,"(512, 128)",53.56305694580078,27,2.89096999168396,0.053973209112882614,1.3337488174438477
d512_ep15_unfused,d512u,15,5.7338,V,7,3,"(512, 128)",2.8526062965393066,26,3.0139453411102295,1.0565584897994995,1.947322130203247
d512_ep15_unfused,d512u,15,5.7338,Wo,7,-1,"(512, 512)",2.2128920966249744e+32,74,2.07912278175354,9.395500063460011e-33,0.7081417441368103
d512_ep15_unfused,d512u,15,5.7338,FFN_up,7,-1,"(2048, 512)",inf,99,3.4414405822753906,1.401298464324817e-45,0.8887194991111755
d512_ep15_unfused,d512u,15,5.7338,FFN_down,7,-1,"(512, 2048)",1.760505091512459e+32,83,5.453658580780029,3.097780556595562e-32,0.5881738662719727
d512_ep15_unfused,d512u,15,5.7338,upscale,-1,-1,"(512, 256)",36.15151596069336,90,2.9072940349578857,0.08041969686746597,1.0386178493499756
d512_ep15_unfused,d512u,15,5.7338,downscale,-1,-1,"(256, 512)",2.5682249069213867,108,1.7361104488372803,0.6759962439537048,1.0137685537338257
d512_ep15_fused,d512f,15,5.7338,Q,0,0,"(512, 128)",2.817051649093628,26,2.9866514205932617,1.0602047443389893,1.9379258155822754
d512_ep15_fused,d512f,15,5.7338,K,0,0,"(512, 128)",3.0208687782287598,25,3.027494430541992,1.0021933317184448,1.9311631917953491
d512_ep15_fused,d512f,15,5.7338,V,0,0,"(512, 128)",44.60927963256836,28,2.954651355743408,0.06623400747776031,1.0587713718414307
d512_ep15_fused,d512f,15,5.7338,Q,0,1,"(512, 128)",2.986032009124756,26,3.0095696449279785,1.0078825950622559,1.944746494293213
d512_ep15_fused,d512f,15,5.7338,K,0,1,"(512, 128)",2.873415231704712,26,3.054572820663452,1.0630460977554321,1.9374725818634033
d512_ep15_fused,d512f,15,5.7338,V,0,1,"(512, 128)",51.82118606567383,28,2.989145517349243,0.05768192186951637,1.0547006130218506
d512_ep15_fused,d512f,15,5.7338,Q,0,2,"(512, 128)",3.0334484577178955,25,2.954989433288574,0.9741353988647461,1.9279940128326416
d512_ep15_fused,d512f,15,5.7338,K,0,2,"(512, 128)",2.842442750930786,26,2.996792793273926,1.0543018579483032,1.9446743726730347
d512_ep15_fused,d512f,15,5.7338,V,0,2,"(512, 128)",39.54910659790039,26,2.932349920272827,0.07414452731609344,1.337814450263977
d512_ep15_fused,d512f,15,5.7338,Q,0,3,"(512, 128)",2.8205649852752686,26,3.0261471271514893,1.0728868246078491,1.9383009672164917
d512_ep15_fused,d512f,15,5.7338,K,0,3,"(512, 128)",2.725198745727539,26,2.931929349899292,1.0758589506149292,1.9304358959197998
d512_ep15_fused,d512f,15,5.7338,V,0,3,"(512, 128)",2.9250941276550293,25,2.953073024749756,1.0095651149749756,1.9303147792816162
d512_ep15_fused,d512f,15,5.7338,Wo,0,-1,"(512, 512)",4.5719558976698814e+32,61,2.1871511936187744,4.7838414012743066e-33,0.63552325963974
d512_ep15_fused,d512f,15,5.7338,FFN_up,0,-1,"(2048, 512)",inf,100,2.9366519451141357,1.401298464324817e-45,0.9409311413764954
d512_ep15_fused,d512f,15,5.7338,FFN_down,0,-1,"(512, 2048)",1.6122874010354107e+32,84,3.2996089458465576,2.0465388973910673e-32,0.6194714903831482
d512_ep15_fused,d512f,15,5.7338,Q,1,0,"(512, 128)",2.8949859142303467,26,3.0135464668273926,1.0409537553787231,1.9495811462402344
d512_ep15_fused,d512f,15,5.7338,K,1,0,"(512, 128)",2.9408931732177734,26,2.9437637329101562,1.0009760856628418,1.9411873817443848
d512_ep15_fused,d512f,15,5.7338,V,1,0,"(512, 128)",93.29268646240234,27,2.9634668827056885,0.03176526352763176,1.0225149393081665
d512_ep15_fused,d512f,15,5.7338,Q,1,1,"(512, 128)",2.8245975971221924,26,2.865199089050293,1.0143742561340332,1.9396779537200928
d512_ep15_fused,d512f,15,5.7338,K,1,1,"(512, 128)",2.8397858142852783,26,2.952833414077759,1.0398085117340088,1.9488229751586914
d512_ep15_fused,d512f,15,5.7338,V,1,1,"(512, 128)",96.49778747558594,27,2.944469690322876,0.03051333874464035,1.023383617401123
d512_ep15_fused,d512f,15,5.7338,Q,1,2,"(512, 128)",2.810786008834839,26,3.0255167484283447,1.0763952732086182,1.9328135251998901
d512_ep15_fused,d512f,15,5.7338,K,1,2,"(512, 128)",2.7697887420654297,26,2.91599702835083,1.0527868270874023,1.9421484470367432
d512_ep15_fused,d512f,15,5.7338,V,1,2,"(512, 128)",233.26788330078125,26,2.8796792030334473,0.012344945222139359,1.314019799232483
d512_ep15_fused,d512f,15,5.7338,Q,1,3,"(512, 128)",2.825918436050415,26,2.9610040187835693,1.0478023290634155,1.9336583614349365
d512_ep15_fused,d512f,15,5.7338,K,1,3,"(512, 128)",3.0101728439331055,25,2.985161304473877,0.991690993309021,1.9329506158828735
d512_ep15_fused,d512f,15,5.7338,V,1,3,"(512, 128)",2.891989231109619,26,2.9651005268096924,1.0252805948257446,1.9466972351074219
d512_ep15_fused,d512f,15,5.7338,Wo,1,-1,"(512, 512)",inf,72,2.297907590866089,1.401298464324817e-45,0.6745049357414246
d512_ep15_fused,d512f,15,5.7338,FFN_up,1,-1,"(2048, 512)",inf,102,2.135253667831421,1.401298464324817e-45,0.8988524675369263
d512_ep15_fused,d512f,15,5.7338,FFN_down,1,-1,"(512, 2048)",1.4015938749116617e+32,94,3.255629062652588,2.322804902152466e-32,0.5891152620315552
d512_ep15_fused,d512f,15,5.7338,Q,2,0,"(512, 128)",2.8276712894439697,26,2.864659547805786,1.0130808353424072,1.9223995208740234
d512_ep15_fused,d512f,15,5.7338,K,2,0,"(512, 128)",2.6845128536224365,26,2.9260032176971436,1.0899568796157837,1.9300916194915771
d512_ep15_fused,d512f,15,5.7338,V,2,0,"(512, 128)",77.38082885742188,28,3.009495973587036,0.03889200836420059,1.0433049201965332
d512_ep15_fused,d512f,15,5.7338,Q,2,1,"(512, 128)",2.960737705230713,26,3.0102789402008057,1.0167326927185059,1.9395734071731567
d512_ep15_fused,d512f,15,5.7338,K,2,1,"(512, 128)",2.8323581218719482,26,2.974163293838501,1.0500661134719849,1.946861743927002
d512_ep15_fused,d512f,15,5.7338,V,2,1,"(512, 128)",77.37142181396484,28,3.0059382915496826,0.03885075822472572,1.0285723209381104
d512_ep15_fused,d512f,15,5.7338,Q,2,2,"(512, 128)",2.950728178024292,25,2.974655866622925,1.0081090927124023,1.9109327793121338
d512_ep15_fused,d512f,15,5.7338,K,2,2,"(512, 128)",2.985947370529175,26,2.976670742034912,0.9968932271003723,1.9204075336456299
d512_ep15_fused,d512f,15,5.7338,V,2,2,"(512, 128)",179.02481079101562,26,2.9846513271331787,0.016671719029545784,1.3218127489089966
d512_ep15_fused,d512f,15,5.7338,Q,2,3,"(512, 128)",2.9018142223358154,26,2.981037139892578,1.0273011922836304,1.9318407773971558
d512_ep15_fused,d512f,15,5.7338,K,2,3,"(512, 128)",2.8523080348968506,26,2.895139217376709,1.0150163173675537,1.9337764978408813
d512_ep15_fused,d512f,15,5.7338,V,2,3,"(512, 128)",2.7936151027679443,26,2.875744104385376,1.029398798942566,1.9310883283615112
d512_ep15_fused,d512f,15,5.7338,Wo,2,-1,"(512, 512)",3.0207884010818914e+32,72,2.417433977127075,8.00265901122259e-33,0.6884104609489441
d512_ep15_fused,d512f,15,5.7338,FFN_up,2,-1,"(2048, 512)",inf,106,2.6030969619750977,1.401298464324817e-45,0.9213473796844482
d512_ep15_fused,d512f,15,5.7338,FFN_down,2,-1,"(512, 2048)",7.936489686016603e+31,100,3.001357316970825,3.781719022481669e-32,0.6001869440078735
d512_ep15_fused,d512f,15,5.7338,Q,3,0,"(512, 128)",2.9904394149780273,26,2.983306884765625,0.9976149201393127,1.9416143894195557
d512_ep15_fused,d512f,15,5.7338,K,3,0,"(512, 128)",2.8279199600219727,26,2.9423365592956543,1.0404596328735352,1.9451218843460083
d512_ep15_fused,d512f,15,5.7338,V,3,0,"(512, 128)",62.79811477661133,28,2.8607301712036133,0.04555439576506615,1.0345535278320312
d512_ep15_fused,d512f,15,5.7338,Q,3,1,"(512, 128)",2.7535817623138428,26,2.8762221336364746,1.0445384979248047,1.9374024868011475
d512_ep15_fused,d512f,15,5.7338,K,3,1,"(512, 128)",2.9813642501831055,26,3.002868413925171,1.0072128772735596,1.9372634887695312
d512_ep15_fused,d512f,15,5.7338,V,3,1,"(512, 128)",72.81861114501953,28,2.978001832962036,0.04089616239070892,1.0427556037902832
d512_ep15_fused,d512f,15,5.7338,Q,3,2,"(512, 128)",2.860975742340088,26,2.892491579055786,1.011015772819519,1.911357045173645
d512_ep15_fused,d512f,15,5.7338,K,3,2,"(512, 128)",3.0330252647399902,25,2.9913530349731445,0.9862604737281799,1.9269108772277832
d512_ep15_fused,d512f,15,5.7338,V,3,2,"(512, 128)",147.15980529785156,26,2.935997247695923,0.01995108090341091,1.3263071775436401
d512_ep15_fused,d512f,15,5.7338,Q,3,3,"(512, 128)",2.8518078327178955,26,2.888101816177368,1.0127266645431519,1.9400432109832764
d512_ep15_fused,d512f,15,5.7338,K,3,3,"(512, 128)",3.0444846153259277,26,3.0678625106811523,1.007678747177124,1.9236443042755127
d512_ep15_fused,d512f,15,5.7338,V,3,3,"(512, 128)",2.8729217052459717,26,2.990093231201172,1.0407848358154297,1.94475257396698
d512_ep15_fused,d512f,15,5.7338,Wo,3,-1,"(512, 512)",2.4486697696510056e+32,73,2.3667566776275635,9.665479524433212e-33,0.6899129748344421
d512_ep15_fused,d512f,15,5.7338,FFN_up,3,-1,"(2048, 512)",inf,103,1.8826061487197876,1.401298464324817e-45,0.8925560116767883
d512_ep15_fused,d512f,15,5.7338,FFN_down,3,-1,"(512, 2048)",1.638955047333257e+32,100,3.46227765083313,2.112490889564715e-32,0.5858249068260193
d512_ep15_fused,d512f,15,5.7338,Q,4,0,"(512, 128)",2.876560926437378,26,3.0185437202453613,1.0493584871292114,1.9435038566589355
d512_ep15_fused,d512f,15,5.7338,K,4,0,"(512, 128)",2.7433414459228516,26,2.990039587020874,1.0899261236190796,1.9395501613616943
d512_ep15_fused,d512f,15,5.7338,V,4,0,"(512, 128)",68.14618682861328,28,2.9478037357330322,0.04325706139206886,1.0368987321853638
d512_ep15_fused,d512f,15,5.7338,Q,4,1,"(512, 128)",2.8182883262634277,26,2.9427707195281982,1.044169545173645,1.940779447555542
d512_ep15_fused,d512f,15,5.7338,K,4,1,"(512, 128)",2.8261077404022217,26,2.9666991233825684,1.049747347831726,1.939695954322815
d512_ep15_fused,d512f,15,5.7338,V,4,1,"(512, 128)",71.72401428222656,28,2.933084487915039,0.0408940389752388,1.0333938598632812
d512_ep15_fused,d512f,15,5.7338,Q,4,2,"(512, 128)",2.738612413406372,26,2.861048698425293,1.0447074174880981,1.9248814582824707
d512_ep15_fused,d512f,15,5.7338,K,4,2,"(512, 128)",2.785644292831421,26,2.9050822257995605,1.0428762435913086,1.9273756742477417
d512_ep15_fused,d512f,15,5.7338,V,4,2,"(512, 128)",162.5255889892578,26,2.9231040477752686,0.017985500395298004,1.3202544450759888
d512_ep15_fused,d512f,15,5.7338,Q,4,3,"(512, 128)",2.8110511302948,25,2.989682912826538,1.0635462999343872,1.943809151649475
d512_ep15_fused,d512f,15,5.7338,K,4,3,"(512, 128)",2.8352253437042236,26,2.9348857402801514,1.0351507663726807,1.9146286249160767
d512_ep15_fused,d512f,15,5.7338,V,4,3,"(512, 128)",2.814831018447876,26,2.961789131164551,1.0522085428237915,1.9373219013214111
d512_ep15_fused,d512f,15,5.7338,Wo,4,-1,"(512, 512)",inf,72,2.359877824783325,1.401298464324817e-45,0.6833045482635498
d512_ep15_fused,d512f,15,5.7338,FFN_up,4,-1,"(2048, 512)",inf,103,1.8551305532455444,1.401298464324817e-45,0.9323472380638123
d512_ep15_fused,d512f,15,5.7338,FFN_down,4,-1,"(512, 2048)",1.5928756307928258e+32,94,3.5683794021606445,2.2402121711381966e-32,0.5635098218917847
d512_ep15_fused,d512f,15,5.7338,Q,5,0,"(512, 128)",2.686272382736206,26,2.881408929824829,1.0726420879364014,1.9335705041885376
d512_ep15_fused,d512f,15,5.7338,K,5,0,"(512, 128)",2.8446309566497803,26,2.9517807960510254,1.0376673936843872,1.9548804759979248
d512_ep15_fused,d512f,15,5.7338,V,5,0,"(512, 128)",63.20490646362305,28,2.979048013687134,0.047133177518844604,1.0517624616622925
d512_ep15_fused,d512f,15,5.7338,Q,5,1,"(512, 128)",2.8526439666748047,26,2.9134693145751953,1.02132248878479,1.9178187847137451
d512_ep15_fused,d512f,15,5.7338,K,5,1,"(512, 128)",2.813356876373291,26,2.9656126499176025,1.0541188716888428,1.9055230617523193
d512_ep15_fused,d512f,15,5.7338,V,5,1,"(512, 128)",74.61580657958984,28,2.9496963024139404,0.03953178972005844,1.0355092287063599
d512_ep15_fused,d512f,15,5.7338,Q,5,2,"(512, 128)",2.928471803665161,26,2.957392692565918,1.009875774383545,1.9565000534057617
d512_ep15_fused,d512f,15,5.7338,K,5,2,"(512, 128)",2.765070676803589,25,2.916935443878174,1.0549225807189941,1.9231237173080444
d512_ep15_fused,d512f,15,5.7338,V,5,2,"(512, 128)",156.18699645996094,26,2.9095873832702637,0.01862887106835842,1.3154888153076172
d512_ep15_fused,d512f,15,5.7338,Q,5,3,"(512, 128)",2.763442039489746,26,2.908799886703491,1.0526002645492554,1.9350707530975342
d512_ep15_fused,d512f,15,5.7338,K,5,3,"(512, 128)",2.7941653728485107,26,2.8626620769500732,1.0245141983032227,1.922117829322815
d512_ep15_fused,d512f,15,5.7338,V,5,3,"(512, 128)",3.158278226852417,26,2.9746992588043213,0.9418737292289734,1.9366483688354492
d512_ep15_fused,d512f,15,5.7338,Wo,5,-1,"(512, 512)",inf,73,2.247800588607788,1.401298464324817e-45,0.6896318197250366
d512_ep15_fused,d512f,15,5.7338,FFN_up,5,-1,"(2048, 512)",inf,104,1.9496430158615112,1.401298464324817e-45,0.931786835193634
d512_ep15_fused,d512f,15,5.7338,FFN_down,5,-1,"(512, 2048)",1.0621306963280376e+32,91,2.6423425674438477,2.487775395651598e-32,0.5651116371154785
d512_ep15_fused,d512f,15,5.7338,Q,6,0,"(512, 128)",2.9399192333221436,26,2.92257022857666,0.9940988421440125,1.9337961673736572
d512_ep15_fused,d512f,15,5.7338,K,6,0,"(512, 128)",2.8561840057373047,26,2.9455409049987793,1.0312854051589966,1.9488630294799805
d512_ep15_fused,d512f,15,5.7338,V,6,0,"(512, 128)",33.4765625,29,2.9132301807403564,0.08702297508716583,1.0902907848358154
d512_ep15_fused,d512f,15,5.7338,Q,6,1,"(512, 128)",2.757962465286255,26,3.004246711730957,1.0892993211746216,1.9363059997558594
d512_ep15_fused,d512f,15,5.7338,K,6,1,"(512, 128)",2.765878438949585,26,2.9263813495635986,1.0580296516418457,1.9280494451522827
d512_ep15_fused,d512f,15,5.7338,V,6,1,"(512, 128)",49.93174362182617,28,3.003632068634033,0.060154762119054794,1.0596957206726074
d512_ep15_fused,d512f,15,5.7338,Q,6,2,"(512, 128)",2.983337879180908,26,2.926940679550171,0.9810959696769714,1.9324638843536377
d512_ep15_fused,d512f,15,5.7338,K,6,2,"(512, 128)",2.727289915084839,26,2.9329168796539307,1.0753960609436035,1.9405802488327026
d512_ep15_fused,d512f,15,5.7338,V,6,2,"(512, 128)",42.65995788574219,27,2.9232189655303955,0.06852371990680695,1.3610378503799438
d512_ep15_fused,d512f,15,5.7338,Q,6,3,"(512, 128)",2.950807571411133,26,2.9643428325653076,1.004586935043335,1.9414658546447754
d512_ep15_fused,d512f,15,5.7338,K,6,3,"(512, 128)",2.80522084236145,26,2.9527363777160645,1.0525860786437988,1.9542570114135742
d512_ep15_fused,d512f,15,5.7338,V,6,3,"(512, 128)",2.81071138381958,26,2.9471042156219482,1.0485260486602783,1.9394729137420654
d512_ep15_fused,d512f,15,5.7338,Wo,6,-1,"(512, 512)",1.380731006829277e+32,74,2.035104751586914,1.473932823902484e-32,0.7105299830436707
d512_ep15_fused,d512f,15,5.7338,FFN_up,6,-1,"(2048, 512)",inf,100,2.4940719604492188,1.401298464324817e-45,0.9139395356178284
d512_ep15_fused,d512f,15,5.7338,FFN_down,6,-1,"(512, 2048)",1.2574345000540268e+32,92,2.0973284244537354,1.6679424359707422e-32,0.6090283393859863
d512_ep15_fused,d512f,15,5.7338,Q,7,0,"(512, 128)",2.885457992553711,26,2.9699182510375977,1.0292710065841675,1.925783634185791
d512_ep15_fused,d512f,15,5.7338,K,7,0,"(512, 128)",2.86749005317688,25,2.99989652633667,1.0461750030517578,1.935093641281128
d512_ep15_fused,d512f,15,5.7338,V,7,0,"(512, 128)",40.763694763183594,29,3.0278379917144775,0.07427781075239182,1.0834747552871704
d512_ep15_fused,d512f,15,5.7338,Q,7,1,"(512, 128)",2.9269120693206787,26,2.932429075241089,1.001884937286377,1.9480929374694824
d512_ep15_fused,d512f,15,5.7338,K,7,1,"(512, 128)",2.8336427211761475,26,3.003560781478882,1.0599645376205444,1.9375050067901611
d512_ep15_fused,d512f,15,5.7338,V,7,1,"(512, 128)",53.95360565185547,29,3.1402781009674072,0.05820330232381821,1.0812506675720215
d512_ep15_fused,d512f,15,5.7338,Q,7,2,"(512, 128)",2.908254861831665,25,3.0107686519622803,1.0352492332458496,1.9591648578643799
d512_ep15_fused,d512f,15,5.7338,K,7,2,"(512, 128)",2.7640221118927,26,2.9395947456359863,1.0635206699371338,1.945538878440857
d512_ep15_fused,d512f,15,5.7338,V,7,2,"(512, 128)",53.56305694580078,27,2.89096999168396,0.053973209112882614,1.3337488174438477
d512_ep15_fused,d512f,15,5.7338,Q,7,3,"(512, 128)",2.741746187210083,26,2.9287354946136475,1.0682008266448975,1.9376765489578247
d512_ep15_fused,d512f,15,5.7338,K,7,3,"(512, 128)",2.7524802684783936,26,2.9430954456329346,1.0692521333694458,1.9186135530471802
d512_ep15_fused,d512f,15,5.7338,V,7,3,"(512, 128)",2.8526062965393066,26,3.0139453411102295,1.0565584897994995,1.947322130203247
d512_ep15_fused,d512f,15,5.7338,Wo,7,-1,"(512, 512)",2.2128920966249744e+32,74,2.07912278175354,9.395500063460011e-33,0.7081417441368103
d512_ep15_fused,d512f,15,5.7338,FFN_up,7,-1,"(2048, 512)",inf,99,3.4414405822753906,1.401298464324817e-45,0.8887194991111755
d512_ep15_fused,d512f,15,5.7338,FFN_down,7,-1,"(512, 2048)",1.760505091512459e+32,83,5.453658580780029,3.097780556595562e-32,0.5881738662719727
d512_ep15_fused,d512f,15,5.7338,upscale,-1,-1,"(512, 256)",36.15151596069336,90,2.9072940349578857,0.08041969686746597,1.0386178493499756
d512_ep15_fused,d512f,15,5.7338,downscale,-1,-1,"(256, 512)",2.5682249069213867,108,1.7361104488372803,0.6759962439537048,1.0137685537338257
d512_ep16_sdpa,d512,16,5.1473,Q,0,0,"(512, 128)",2.895489454269409,25,3.09220552444458,1.0679388046264648,1.9418716430664062
d512_ep16_sdpa,d512,16,5.1473,K,0,0,"(512, 128)",3.088223457336426,25,3.0600807666778564,0.9908871054649353,1.9329760074615479
d512_ep16_sdpa,d512,16,5.1473,V,0,0,"(512, 128)",31.341358184814453,29,3.0570905208587646,0.09754173457622528,1.1046080589294434
d512_ep16_sdpa,d512,16,5.1473,Q,0,1,"(512, 128)",3.0565946102142334,25,3.0675432682037354,1.0035820007324219,1.9484127759933472
d512_ep16_sdpa,d512,16,5.1473,K,0,1,"(512, 128)",2.9291348457336426,26,3.100360870361328,1.0584561824798584,1.938650131225586
d512_ep16_sdpa,d512,16,5.1473,V,0,1,"(512, 128)",34.043846130371094,29,3.086002826690674,0.09064789116382599,1.106318712234497
d512_ep16_sdpa,d512,16,5.1473,Q,0,2,"(512, 128)",3.030841588973999,25,2.9553465843200684,0.9750910401344299,1.9315085411071777
d512_ep16_sdpa,d512,16,5.1473,K,0,2,"(512, 128)",2.821682929992676,26,3.00827956199646,1.0661295652389526,1.9462165832519531
d512_ep16_sdpa,d512,16,5.1473,V,0,2,"(512, 128)",11.396880149841309,28,2.911881923675537,0.25549817085266113,1.4160619974136353
d512_ep16_sdpa,d512,16,5.1473,Q,0,3,"(512, 128)",2.8193771839141846,26,3.034730911254883,1.0763834714889526,1.939542293548584
d512_ep16_sdpa,d512,16,5.1473,K,0,3,"(512, 128)",2.7405433654785156,25,2.9362123012542725,1.0713979005813599,1.9314684867858887
d512_ep16_sdpa,d512,16,5.1473,V,0,3,"(512, 128)",2.9147462844848633,25,2.9486289024353027,1.0116245746612549,1.9358646869659424
d512_ep16_sdpa,d512,16,5.1473,Wo,0,-1,"(512, 512)",3.0991560018407213e+32,60,2.479097843170166,7.999267710020468e-33,0.6387404203414917
d512_ep16_sdpa,d512,16,5.1473,FFN_up,0,-1,"(2048, 512)",inf,99,2.6126551628112793,1.401298464324817e-45,1.0818415880203247
d512_ep16_sdpa,d512,16,5.1473,FFN_down,0,-1,"(512, 2048)",1.3925885381243196e+32,92,5.003004550933838,3.5925934425042834e-32,0.9128281474113464
d512_ep16_sdpa,d512,16,5.1473,Q,1,0,"(512, 128)",2.9092509746551514,26,3.0219931602478027,1.0387530326843262,1.952390193939209
d512_ep16_sdpa,d512,16,5.1473,K,1,0,"(512, 128)",2.955432415008545,26,2.9607093334198,1.0017855167388916,1.9419877529144287
d512_ep16_sdpa,d512,16,5.1473,V,1,0,"(512, 128)",38.46402359008789,29,2.966411590576172,0.07712171971797943,1.0710737705230713
d512_ep16_sdpa,d512,16,5.1473,Q,1,1,"(512, 128)",2.8219268321990967,26,2.870821475982666,1.0173267126083374,1.940806269645691
d512_ep16_sdpa,d512,16,5.1473,K,1,1,"(512, 128)",2.8501930236816406,26,2.9491796493530273,1.0347298383712769,1.9490432739257812
d512_ep16_sdpa,d512,16,5.1473,V,1,1,"(512, 128)",39.376583099365234,29,2.9507038593292236,0.07493549585342407,1.0718693733215332
d512_ep16_sdpa,d512,16,5.1473,Q,1,2,"(512, 128)",2.8059966564178467,26,3.02565598487854,1.078282117843628,1.9342799186706543
d512_ep16_sdpa,d512,16,5.1473,K,1,2,"(512, 128)",2.7836172580718994,26,2.922168493270874,1.0497738122940063,1.943063497543335
d512_ep16_sdpa,d512,16,5.1473,V,1,2,"(512, 128)",79.9509506225586,27,2.881206750869751,0.036037180572748184,1.346192717552185
d512_ep16_sdpa,d512,16,5.1473,Q,1,3,"(512, 128)",2.814579486846924,26,2.9586122035980225,1.0511738061904907,1.9348864555358887
d512_ep16_sdpa,d512,16,5.1473,K,1,3,"(512, 128)",2.996135950088501,25,2.988074541091919,0.9973093867301941,1.934027910232544
d512_ep16_sdpa,d512,16,5.1473,V,1,3,"(512, 128)",2.8680498600006104,26,2.976607084274292,1.0378504991531372,1.9539663791656494
d512_ep16_sdpa,d512,16,5.1473,Wo,1,-1,"(512, 512)",inf,72,2.9604859352111816,1.401298464324817e-45,0.6806662082672119
d512_ep16_sdpa,d512,16,5.1473,FFN_up,1,-1,"(2048, 512)",3.299799969411178e+32,100,2.6267449855804443,7.960315500654063e-33,1.0813589096069336
d512_ep16_sdpa,d512,16,5.1473,FFN_down,1,-1,"(512, 2048)",1.2247382791929918e+32,98,5.063343524932861,4.134224799038318e-32,0.9289398193359375
d512_ep16_sdpa,d512,16,5.1473,Q,2,0,"(512, 128)",2.8104910850524902,26,2.8643198013305664,1.0191527605056763,1.9274109601974487
d512_ep16_sdpa,d512,16,5.1473,K,2,0,"(512, 128)",2.6766915321350098,26,2.9311039447784424,1.0950473546981812,1.9333456754684448
d512_ep16_sdpa,d512,16,5.1473,V,2,0,"(512, 128)",34.3658561706543,29,3.0314714908599854,0.08821172267198563,1.1034231185913086
d512_ep16_sdpa,d512,16,5.1473,Q,2,1,"(512, 128)",2.9595038890838623,26,3.012335777282715,1.0178515911102295,1.9416611194610596
d512_ep16_sdpa,d512,16,5.1473,K,2,1,"(512, 128)",2.8503637313842773,26,2.9763684272766113,1.0442065000534058,1.94735848903656
d512_ep16_sdpa,d512,16,5.1473,V,2,1,"(512, 128)",33.65867614746094,29,3.026085376739502,0.08990506082773209,1.0863745212554932
d512_ep16_sdpa,d512,16,5.1473,Q,2,2,"(512, 128)",2.9293017387390137,25,2.977674722671509,1.016513466835022,1.9138920307159424
d512_ep16_sdpa,d512,16,5.1473,K,2,2,"(512, 128)",2.953125238418579,26,2.978076696395874,1.0084491968154907,1.921992301940918
d512_ep16_sdpa,d512,16,5.1473,V,2,2,"(512, 128)",68.73999786376953,27,2.978583812713623,0.04333116114139557,1.3536502122879028
d512_ep16_sdpa,d512,16,5.1473,Q,2,3,"(512, 128)",2.8890833854675293,26,2.98221755027771,1.0322365760803223,1.9341483116149902
d512_ep16_sdpa,d512,16,5.1473,K,2,3,"(512, 128)",2.8744776248931885,26,2.9023995399475098,1.0097137689590454,1.9347642660140991
d512_ep16_sdpa,d512,16,5.1473,V,2,3,"(512, 128)",2.800447940826416,26,2.910153865814209,1.0391744375228882,1.936772346496582
d512_ep16_sdpa,d512,16,5.1473,Wo,2,-1,"(512, 512)",inf,73,2.981100082397461,1.401298464324817e-45,0.7020440697669983
d512_ep16_sdpa,d512,16,5.1473,FFN_up,2,-1,"(2048, 512)",inf,103,2.5529656410217285,1.401298464324817e-45,1.0424643754959106
d512_ep16_sdpa,d512,16,5.1473,FFN_down,2,-1,"(512, 2048)",inf,101,4.66484260559082,1.401298464324817e-45,0.9283996224403381
d512_ep16_sdpa,d512,16,5.1473,Q,3,0,"(512, 128)",3.013813018798828,26,2.988722085952759,0.9916747212409973,1.944448709487915
d512_ep16_sdpa,d512,16,5.1473,K,3,0,"(512, 128)",2.8082334995269775,26,2.9421350955963135,1.0476818084716797,1.94700026512146
d512_ep16_sdpa,d512,16,5.1473,V,3,0,"(512, 128)",29.102405548095703,29,2.8706109523773193,0.09863827377557755,1.0924911499023438
d512_ep16_sdpa,d512,16,5.1473,Q,3,1,"(512, 128)",2.7466323375701904,26,2.872779607772827,1.0459280014038086,1.9396231174468994
d512_ep16_sdpa,d512,16,5.1473,K,3,1,"(512, 128)",2.98935866355896,26,3.0001368522644043,1.0036054849624634,1.9383604526519775
d512_ep16_sdpa,d512,16,5.1473,V,3,1,"(512, 128)",31.902681350708008,29,3.003464460372925,0.09414457529783249,1.1009056568145752
d512_ep16_sdpa,d512,16,5.1473,Q,3,2,"(512, 128)",2.8305742740631104,26,2.886575222015381,1.0197843313217163,1.9145967960357666
d512_ep16_sdpa,d512,16,5.1473,K,3,2,"(512, 128)",3.0252506732940674,25,2.9951839447021484,0.9900614023208618,1.9289236068725586
d512_ep16_sdpa,d512,16,5.1473,V,3,2,"(512, 128)",68.37284088134766,27,2.9328019618988037,0.04289425164461136,1.355425477027893
d512_ep16_sdpa,d512,16,5.1473,Q,3,3,"(512, 128)",2.8621163368225098,26,2.8869590759277344,1.0086798667907715,1.9419255256652832
d512_ep16_sdpa,d512,16,5.1473,K,3,3,"(512, 128)",3.049607753753662,26,3.0720343589782715,1.0073539018630981,1.9248743057250977
d512_ep16_sdpa,d512,16,5.1473,V,3,3,"(512, 128)",2.836085319519043,26,2.98099946975708,1.0510965585708618,1.9513099193572998
d512_ep16_sdpa,d512,16,5.1473,Wo,3,-1,"(512, 512)",inf,73,2.9482152462005615,1.401298464324817e-45,0.7046871185302734
d512_ep16_sdpa,d512,16,5.1473,FFN_up,3,-1,"(2048, 512)",inf,102,2.409285545349121,1.401298464324817e-45,1.073560118675232
d512_ep16_sdpa,d512,16,5.1473,FFN_down,3,-1,"(512, 2048)",inf,101,4.829880237579346,1.401298464324817e-45,0.8804948329925537
d512_ep16_sdpa,d512,16,5.1473,Q,4,0,"(512, 128)",2.8718760013580322,26,3.023817539215088,1.0529067516326904,1.946165919303894
d512_ep16_sdpa,d512,16,5.1473,K,4,0,"(512, 128)",2.7823312282562256,26,2.9935336112976074,1.0759084224700928,1.9428054094314575
d512_ep16_sdpa,d512,16,5.1473,V,4,0,"(512, 128)",32.881595611572266,29,2.9450113773345947,0.08956412971019745,1.0906884670257568
d512_ep16_sdpa,d512,16,5.1473,Q,4,1,"(512, 128)",2.814743995666504,26,2.939115524291992,1.044185757637024,1.9425585269927979
d512_ep16_sdpa,d512,16,5.1473,K,4,1,"(512, 128)",2.8201637268066406,26,2.984330892562866,1.0582119226455688,1.9416698217391968
d512_ep16_sdpa,d512,16,5.1473,V,4,1,"(512, 128)",32.416229248046875,29,2.947728157043457,0.09093371033668518,1.0864931344985962
d512_ep16_sdpa,d512,16,5.1473,Q,4,2,"(512, 128)",2.7428104877471924,26,2.866016149520874,1.044919490814209,1.9257110357284546
d512_ep16_sdpa,d512,16,5.1473,K,4,2,"(512, 128)",2.7692201137542725,26,2.905487060546875,1.0492076873779297,1.9282654523849487
d512_ep16_sdpa,d512,16,5.1473,V,4,2,"(512, 128)",66.88252258300781,27,2.9099185466766357,0.043507907539606094,1.3456183671951294
d512_ep16_sdpa,d512,16,5.1473,Q,4,3,"(512, 128)",2.807659864425659,25,2.9876904487609863,1.0641212463378906,1.9443142414093018
d512_ep16_sdpa,d512,16,5.1473,K,4,3,"(512, 128)",2.852104425430298,26,2.9376494884490967,1.0299936532974243,1.9151476621627808
d512_ep16_sdpa,d512,16,5.1473,V,4,3,"(512, 128)",2.800124406814575,26,2.9503273963928223,1.0536415576934814,1.9408154487609863
d512_ep16_sdpa,d512,16,5.1473,Wo,4,-1,"(512, 512)",inf,73,2.898144483566284,1.401298464324817e-45,0.6927969455718994
d512_ep16_sdpa,d512,16,5.1473,FFN_up,4,-1,"(2048, 512)",inf,104,2.2705061435699463,1.401298464324817e-45,1.0343774557113647
d512_ep16_sdpa,d512,16,5.1473,FFN_down,4,-1,"(512, 2048)",inf,97,4.590836524963379,1.401298464324817e-45,0.878079354763031
d512_ep16_sdpa,d512,16,5.1473,Q,5,0,"(512, 128)",2.9369635581970215,26,3.097184896469116,1.0545533895492554,1.9424619674682617
d512_ep16_sdpa,d512,16,5.1473,K,5,0,"(512, 128)",3.0759029388427734,26,3.2530086040496826,1.057578444480896,1.9701424837112427
d512_ep16_sdpa,d512,16,5.1473,V,5,0,"(512, 128)",31.058088302612305,30,3.014587163925171,0.09706287086009979,1.119882583618164
d512_ep16_sdpa,d512,16,5.1473,Q,5,1,"(512, 128)",3.10695481300354,26,3.155841827392578,1.0157346725463867,1.9434218406677246
d512_ep16_sdpa,d512,16,5.1473,K,5,1,"(512, 128)",3.6914052963256836,25,3.7330141067504883,1.0112718343734741,1.9395389556884766
d512_ep16_sdpa,d512,16,5.1473,V,5,1,"(512, 128)",35.641056060791016,29,2.9557900428771973,0.08293216675519943,1.0886000394821167
d512_ep16_sdpa,d512,16,5.1473,Q,5,2,"(512, 128)",2.910893440246582,26,2.9586336612701416,1.0164005756378174,1.9586081504821777
d512_ep16_sdpa,d512,16,5.1473,K,5,2,"(512, 128)",2.772928237915039,25,2.927628517150879,1.0557894706726074,1.926711082458496
d512_ep16_sdpa,d512,16,5.1473,V,5,2,"(512, 128)",62.06644058227539,27,2.9224328994750977,0.047085557132959366,1.3559330701828003
d512_ep16_sdpa,d512,16,5.1473,Q,5,3,"(512, 128)",2.7491679191589355,26,2.904155731201172,1.0563762187957764,1.935599684715271
d512_ep16_sdpa,d512,16,5.1473,K,5,3,"(512, 128)",2.76780104637146,26,2.86572265625,1.0353788137435913,1.9234225749969482
d512_ep16_sdpa,d512,16,5.1473,V,5,3,"(512, 128)",3.1265225410461426,26,2.974621057510376,0.9514151811599731,1.9418585300445557
d512_ep16_sdpa,d512,16,5.1473,Wo,5,-1,"(512, 512)",1.8087864938977692e+32,73,2.935171127319336,1.6227295436918584e-32,0.7213571071624756
d512_ep16_sdpa,d512,16,5.1473,FFN_up,5,-1,"(2048, 512)",inf,102,2.556856155395508,1.401298464324817e-45,1.028751254081726
d512_ep16_sdpa,d512,16,5.1473,FFN_down,5,-1,"(512, 2048)",inf,97,2.5899980068206787,1.401298464324817e-45,0.889797568321228
d512_ep16_sdpa,d512,16,5.1473,Q,6,0,"(512, 128)",2.9564034938812256,26,2.9838666915893555,1.0092893838882446,1.9491608142852783
d512_ep16_sdpa,d512,16,5.1473,K,6,0,"(512, 128)",2.7647995948791504,26,2.968193769454956,1.0735656023025513,1.9683125019073486
d512_ep16_sdpa,d512,16,5.1473,V,6,0,"(512, 128)",15.681417465209961,33,2.9255781173706055,0.1865633726119995,1.1984949111938477
d512_ep16_sdpa,d512,16,5.1473,Q,6,1,"(512, 128)",2.7798099517822266,26,3.0183568000793457,1.085814118385315,1.9418507814407349
d512_ep16_sdpa,d512,16,5.1473,K,6,1,"(512, 128)",2.818068504333496,26,2.958635091781616,1.0498805046081543,1.931472897529602
d512_ep16_sdpa,d512,16,5.1473,V,6,1,"(512, 128)",24.962017059326172,30,3.0141642093658447,0.12075002491474152,1.1335909366607666
d512_ep16_sdpa,d512,16,5.1473,Q,6,2,"(512, 128)",2.9026074409484863,26,2.920834541320801,1.0062795877456665,1.9399150609970093
d512_ep16_sdpa,d512,16,5.1473,K,6,2,"(512, 128)",2.8287713527679443,26,2.9411845207214355,1.0397392511367798,1.9473073482513428
d512_ep16_sdpa,d512,16,5.1473,V,6,2,"(512, 128)",13.30711555480957,30,2.9327056407928467,0.22038628160953522,1.4688798189163208
d512_ep16_sdpa,d512,16,5.1473,Q,6,3,"(512, 128)",2.9287326335906982,26,2.976562738418579,1.0163313150405884,1.9455366134643555
d512_ep16_sdpa,d512,16,5.1473,K,6,3,"(512, 128)",2.830836534500122,26,2.964372396469116,1.0471718311309814,1.9575049877166748
d512_ep16_sdpa,d512,16,5.1473,V,6,3,"(512, 128)",2.802025556564331,26,2.9641237258911133,1.0578503608703613,1.9484879970550537
d512_ep16_sdpa,d512,16,5.1473,Wo,6,-1,"(512, 512)",1.1008045234397063e+32,76,2.5262696743011475,2.294930404611417e-32,0.7543745636940002
d512_ep16_sdpa,d512,16,5.1473,FFN_up,6,-1,"(2048, 512)",inf,98,3.268191337585449,1.401298464324817e-45,1.0110598802566528
d512_ep16_sdpa,d512,16,5.1473,FFN_down,6,-1,"(512, 2048)",9.423012920893766e+31,94,3.6113851070404053,3.8325165414845156e-32,0.881819486618042
d512_ep16_sdpa,d512,16,5.1473,Q,7,0,"(512, 128)",3.0100128650665283,25,3.0139646530151367,1.0013128519058228,1.9388662576675415
d512_ep16_sdpa,d512,16,5.1473,K,7,0,"(512, 128)",2.9212136268615723,25,3.020594835281372,1.0340205430984497,1.9465761184692383
d512_ep16_sdpa,d512,16,5.1473,V,7,0,"(512, 128)",15.807987213134766,34,3.0090975761413574,0.19035299122333527,1.2175281047821045
d512_ep16_sdpa,d512,16,5.1473,Q,7,1,"(512, 128)",2.842216968536377,26,2.9522547721862793,1.0387154817581177,1.974607229232788
d512_ep16_sdpa,d512,16,5.1473,K,7,1,"(512, 128)",2.835982084274292,26,3.054144859313965,1.0769267082214355,1.9657065868377686
d512_ep16_sdpa,d512,16,5.1473,V,7,1,"(512, 128)",24.891986846923828,32,3.150559186935425,0.1265692114830017,1.1925989389419556
d512_ep16_sdpa,d512,16,5.1473,Q,7,2,"(512, 128)",2.9707090854644775,25,3.0443193912506104,1.0247787237167358,1.9651734828948975
d512_ep16_sdpa,d512,16,5.1473,K,7,2,"(512, 128)",2.7506799697875977,26,2.9679298400878906,1.0789804458618164,1.9524965286254883
d512_ep16_sdpa,d512,16,5.1473,V,7,2,"(512, 128)",13.639580726623535,30,2.8771777153015137,0.21094326674938202,1.4492746591567993
d512_ep16_sdpa,d512,16,5.1473,Q,7,3,"(512, 128)",2.7118988037109375,26,2.9310216903686523,1.0808005332946777,1.9401880502700806
d512_ep16_sdpa,d512,16,5.1473,K,7,3,"(512, 128)",2.7358059883117676,26,2.940401315689087,1.074784278869629,1.9215905666351318
d512_ep16_sdpa,d512,16,5.1473,V,7,3,"(512, 128)",2.827916145324707,26,3.0140180587768555,1.065808892250061,1.9543546438217163
d512_ep16_sdpa,d512,16,5.1473,Wo,7,-1,"(512, 512)",inf,80,2.258446216583252,1.401298464324817e-45,0.7593875527381897
d512_ep16_sdpa,d512,16,5.1473,FFN_up,7,-1,"(2048, 512)",inf,94,4.075468063354492,1.401298464324817e-45,1.0507423877716064
d512_ep16_sdpa,d512,16,5.1473,FFN_down,7,-1,"(512, 2048)",1.623897827892924e+32,88,3.3154585361480713,2.0416670610540843e-32,0.8795626759529114
d512_ep16_sdpa,d512,16,5.1473,upscale,-1,-1,"(512, 256)",8503.224609375,77,4.88117790222168,0.0005740384222008288,1.093203067779541
d512_ep16_sdpa,d512,16,5.1473,downscale,-1,-1,"(256, 512)",7.684335708618164,89,2.3284621238708496,0.3030140995979309,1.078418254852295
d512_ep18_sdpa,d512,18,4.9953,Q,0,0,"(512, 128)",2.995182514190674,25,3.1944642066955566,1.0665340423583984,1.9437425136566162
d512_ep18_sdpa,d512,18,4.9953,K,0,0,"(512, 128)",3.136601209640503,25,3.092324733734131,0.9858839511871338,1.9337669610977173
d512_ep18_sdpa,d512,18,4.9953,V,0,0,"(512, 128)",28.922780990600586,29,3.1232497692108154,0.10798580199480057,1.1280057430267334
d512_ep18_sdpa,d512,18,4.9953,Q,0,1,"(512, 128)",3.1083834171295166,25,3.1001088619232178,0.9973379969596863,1.9498142004013062
d512_ep18_sdpa,d512,18,4.9953,K,0,1,"(512, 128)",2.921701192855835,26,3.115847110748291,1.0664496421813965,1.9396512508392334
d512_ep18_sdpa,d512,18,4.9953,V,0,1,"(512, 128)",29.27619171142578,29,3.133366346359253,0.1070277988910675,1.1309630870819092
d512_ep18_sdpa,d512,18,4.9953,Q,0,2,"(512, 128)",3.0262513160705566,25,2.9590084552764893,0.9777801632881165,1.9332399368286133
d512_ep18_sdpa,d512,18,4.9953,K,0,2,"(512, 128)",2.8238704204559326,26,3.0153815746307373,1.0678186416625977,1.9472121000289917
d512_ep18_sdpa,d512,18,4.9953,V,0,2,"(512, 128)",12.357382774353027,28,2.9135336875915527,0.23577271401882172,1.4224061965942383
d512_ep18_sdpa,d512,18,4.9953,Q,0,3,"(512, 128)",2.8140645027160645,26,3.033966064453125,1.0781437158584595,1.9402475357055664
d512_ep18_sdpa,d512,18,4.9953,K,0,3,"(512, 128)",2.748579740524292,25,2.936957597732544,1.068536400794983,1.931854248046875
d512_ep18_sdpa,d512,18,4.9953,V,0,3,"(512, 128)",2.902226209640503,25,2.950589656829834,1.0166642665863037,1.9381436109542847
d512_ep18_sdpa,d512,18,4.9953,Wo,0,-1,"(512, 512)",5.531521520889945e+32,58,2.7103514671325684,4.899830000263834e-33,0.6354708075523376
d512_ep18_sdpa,d512,18,4.9953,FFN_up,0,-1,"(2048, 512)",inf,98,3.00994873046875,1.401298464324817e-45,1.1258928775787354
d512_ep18_sdpa,d512,18,4.9953,FFN_down,0,-1,"(512, 2048)",1.3841760585589164e+32,95,5.361908912658691,3.8737187939751876e-32,0.9863291382789612
d512_ep18_sdpa,d512,18,4.9953,Q,1,0,"(512, 128)",2.8992466926574707,26,3.02026629447937,1.0417417287826538,1.9527292251586914
d512_ep18_sdpa,d512,18,4.9953,K,1,0,"(512, 128)",2.9531912803649902,26,2.959351062774658,1.00208580493927,1.942406415939331
d512_ep18_sdpa,d512,18,4.9953,V,1,0,"(512, 128)",31.41697883605957,29,2.9748001098632812,0.09468765556812286,1.0863455533981323
d512_ep18_sdpa,d512,18,4.9953,Q,1,1,"(512, 128)",2.8155629634857178,26,2.876530170440674,1.021653652191162,1.9411534070968628
d512_ep18_sdpa,d512,18,4.9953,K,1,1,"(512, 128)",2.8543426990509033,26,2.9475035667419434,1.0326383113861084,1.9493545293807983
d512_ep18_sdpa,d512,18,4.9953,V,1,1,"(512, 128)",31.065027236938477,29,2.9656386375427246,0.0954655110836029,1.0887365341186523
d512_ep18_sdpa,d512,18,4.9953,Q,1,2,"(512, 128)",2.8335378170013428,26,3.0312209129333496,1.0697654485702515,1.93434739112854
d512_ep18_sdpa,d512,18,4.9953,K,1,2,"(512, 128)",2.7941040992736816,26,2.926093578338623,1.0472385883331299,1.9432518482208252
d512_ep18_sdpa,d512,18,4.9953,V,1,2,"(512, 128)",49.133602142333984,27,2.875195264816284,0.058517903089523315,1.3674122095108032
d512_ep18_sdpa,d512,18,4.9953,Q,1,3,"(512, 128)",2.819044351577759,26,2.9635653495788574,1.0512659549713135,1.9352108240127563
d512_ep18_sdpa,d512,18,4.9953,K,1,3,"(512, 128)",2.9909088611602783,25,2.984489917755127,0.9978538751602173,1.934380292892456
d512_ep18_sdpa,d512,18,4.9953,V,1,3,"(512, 128)",2.871103286743164,26,2.975555896759033,1.036380648612976,1.9551780223846436
d512_ep18_sdpa,d512,18,4.9953,Wo,1,-1,"(512, 512)",1.722870747177528e+32,71,3.1901447772979736,1.851644872760609e-32,0.6926077604293823
d512_ep18_sdpa,d512,18,4.9953,FFN_up,1,-1,"(2048, 512)",inf,101,2.912997007369995,1.401298464324817e-45,1.101621389389038
d512_ep18_sdpa,d512,18,4.9953,FFN_down,1,-1,"(512, 2048)",inf,99,5.127694606781006,1.401298464324817e-45,0.9837788343429565
d512_ep18_sdpa,d512,18,4.9953,Q,2,0,"(512, 128)",2.8098344802856445,26,2.866313934326172,1.0201005935668945,1.9283454418182373
d512_ep18_sdpa,d512,18,4.9953,K,2,0,"(512, 128)",2.6868464946746826,26,2.9297244548797607,1.090395212173462,1.9345489740371704
d512_ep18_sdpa,d512,18,4.9953,V,2,0,"(512, 128)",25.92517852783203,30,3.040855884552002,0.11729353666305542,1.118456244468689
d512_ep18_sdpa,d512,18,4.9953,Q,2,1,"(512, 128)",2.951225757598877,26,3.011239767074585,1.02033531665802,1.9423757791519165
d512_ep18_sdpa,d512,18,4.9953,K,2,1,"(512, 128)",2.863424301147461,26,2.980039358139038,1.0407257080078125,1.9475302696228027
d512_ep18_sdpa,d512,18,4.9953,V,2,1,"(512, 128)",30.12643051147461,30,3.0338072776794434,0.10070251673460007,1.1025257110595703
d512_ep18_sdpa,d512,18,4.9953,Q,2,2,"(512, 128)",2.9481451511383057,25,2.978757858276367,1.0103837251663208,1.91452956199646
d512_ep18_sdpa,d512,18,4.9953,K,2,2,"(512, 128)",2.958024024963379,26,2.9803755283355713,1.0075562000274658,1.9225564002990723
d512_ep18_sdpa,d512,18,4.9953,V,2,2,"(512, 128)",47.840641021728516,27,2.9855434894561768,0.06240600720047951,1.3730217218399048
d512_ep18_sdpa,d512,18,4.9953,Q,2,3,"(512, 128)",2.8881661891937256,26,2.986351490020752,1.0339957475662231,1.9346693754196167
d512_ep18_sdpa,d512,18,4.9953,K,2,3,"(512, 128)",2.8699142932891846,26,2.900951862335205,1.0108147859573364,1.9351823329925537
d512_ep18_sdpa,d512,18,4.9953,V,2,3,"(512, 128)",2.8175556659698486,26,2.964704751968384,1.0522258281707764,1.9397045373916626
d512_ep18_sdpa,d512,18,4.9953,Wo,2,-1,"(512, 512)",6.274194439811407e+31,72,3.0628628730773926,4.881683159286221e-32,0.7103400230407715
d512_ep18_sdpa,d512,18,4.9953,FFN_up,2,-1,"(2048, 512)",inf,103,2.7369000911712646,1.401298464324817e-45,1.090821623802185
d512_ep18_sdpa,d512,18,4.9953,FFN_down,2,-1,"(512, 2048)",9.875824307325999e+31,101,4.682802200317383,4.741682369850462e-32,0.9908250570297241
d512_ep18_sdpa,d512,18,4.9953,Q,3,0,"(512, 128)",3.0210447311401367,26,2.9888064861297607,0.9893287420272827,1.945108413696289
d512_ep18_sdpa,d512,18,4.9953,K,3,0,"(512, 128)",2.8152668476104736,26,2.9468891620635986,1.0467530488967896,1.947791337966919
d512_ep18_sdpa,d512,18,4.9953,V,3,0,"(512, 128)",26.93332862854004,29,2.8846938610076904,0.10710498690605164,1.1043593883514404
d512_ep18_sdpa,d512,18,4.9953,Q,3,1,"(512, 128)",2.7524712085723877,26,2.8697750568389893,1.042617678642273,1.9397748708724976
d512_ep18_sdpa,d512,18,4.9953,K,3,1,"(512, 128)",2.97485613822937,26,3.0026304721832275,1.0093363523483276,1.9386990070343018
d512_ep18_sdpa,d512,18,4.9953,V,3,1,"(512, 128)",27.115909576416016,30,3.013876438140869,0.11114790290594101,1.1135830879211426
d512_ep18_sdpa,d512,18,4.9953,Q,3,2,"(512, 128)",2.820948362350464,26,2.881038188934326,1.02130126953125,1.915540099143982
d512_ep18_sdpa,d512,18,4.9953,K,3,2,"(512, 128)",3.01652193069458,25,2.9945311546325684,0.9927098751068115,1.9294649362564087
d512_ep18_sdpa,d512,18,4.9953,V,3,2,"(512, 128)",43.57839584350586,27,2.936112403869629,0.06737541407346725,1.3754396438598633
d512_ep18_sdpa,d512,18,4.9953,Q,3,3,"(512, 128)",2.86065673828125,26,2.8916029930114746,1.0108178853988647,1.9424800872802734
d512_ep18_sdpa,d512,18,4.9953,K,3,3,"(512, 128)",3.06227445602417,26,3.0758657455444336,1.0044382810592651,1.9253027439117432
d512_ep18_sdpa,d512,18,4.9953,V,3,3,"(512, 128)",2.843217372894287,26,2.9773056507110596,1.0471607446670532,1.9535551071166992
d512_ep18_sdpa,d512,18,4.9953,Wo,3,-1,"(512, 512)",inf,72,3.0501790046691895,1.401298464324817e-45,0.6852089166641235
d512_ep18_sdpa,d512,18,4.9953,FFN_up,3,-1,"(2048, 512)",9.03431715708996e+31,103,2.596226453781128,2.873738386294939e-32,1.1149142980575562
d512_ep18_sdpa,d512,18,4.9953,FFN_down,3,-1,"(512, 2048)",inf,101,5.105000019073486,1.401298464324817e-45,0.9253343343734741
d512_ep18_sdpa,d512,18,4.9953,Q,4,0,"(512, 128)",2.8791019916534424,26,3.0276381969451904,1.051591157913208,1.9470453262329102
d512_ep18_sdpa,d512,18,4.9953,K,4,0,"(512, 128)",2.8020761013031006,26,2.9907939434051514,1.0673493146896362,1.9443848133087158
d512_ep18_sdpa,d512,18,4.9953,V,4,0,"(512, 128)",31.085691452026367,29,2.951134204864502,0.09493545442819595,1.1015315055847168
d512_ep18_sdpa,d512,18,4.9953,Q,4,1,"(512, 128)",2.8030600547790527,26,2.944082498550415,1.0503101348876953,1.9431483745574951
d512_ep18_sdpa,d512,18,4.9953,K,4,1,"(512, 128)",2.8132998943328857,26,2.987457752227783,1.0619051456451416,1.9425148963928223
d512_ep18_sdpa,d512,18,4.9953,V,4,1,"(512, 128)",29.199111938476562,29,2.957613229751587,0.10129120200872421,1.0984537601470947
d512_ep18_sdpa,d512,18,4.9953,Q,4,2,"(512, 128)",2.7449848651885986,26,2.86505389213562,1.043741226196289,1.9258053302764893
d512_ep18_sdpa,d512,18,4.9953,K,4,2,"(512, 128)",2.7626888751983643,26,2.9025542736053467,1.050626516342163,1.9284985065460205
d512_ep18_sdpa,d512,18,4.9953,V,4,2,"(512, 128)",50.10026168823242,27,2.9133124351501465,0.05814964324235916,1.3618707656860352
d512_ep18_sdpa,d512,18,4.9953,Q,4,3,"(512, 128)",2.8024399280548096,25,2.985276222229004,1.065241813659668,1.944576382637024
d512_ep18_sdpa,d512,18,4.9953,K,4,3,"(512, 128)",2.8528308868408203,26,2.940861940383911,1.0308574438095093,1.9153401851654053
d512_ep18_sdpa,d512,18,4.9953,V,4,3,"(512, 128)",2.7851345539093018,26,2.9469518661499023,1.0581003427505493,1.9417022466659546
d512_ep18_sdpa,d512,18,4.9953,Wo,4,-1,"(512, 512)",1.2524716177793448e+32,73,3.0329651832580566,2.4215838965039706e-32,0.7118154168128967
d512_ep18_sdpa,d512,18,4.9953,FFN_up,4,-1,"(2048, 512)",inf,105,2.367520332336426,1.401298464324817e-45,1.0593500137329102
d512_ep18_sdpa,d512,18,4.9953,FFN_down,4,-1,"(512, 2048)",inf,98,4.486255168914795,1.401298464324817e-45,0.9264450073242188
d512_ep18_sdpa,d512,18,4.9953,Q,5,0,"(512, 128)",3.124269485473633,26,3.29667592048645,1.055182933807373,1.9461990594863892
d512_ep18_sdpa,d512,18,4.9953,K,5,0,"(512, 128)",3.3222813606262207,25,3.4643726348876953,1.042769193649292,1.9758212566375732
d512_ep18_sdpa,d512,18,4.9953,V,5,0,"(512, 128)",27.68602180480957,31,3.0233066082000732,0.10919974744319916,1.1382097005844116
d512_ep18_sdpa,d512,18,4.9953,Q,5,1,"(512, 128)",3.413654088973999,25,3.5191762447357178,1.0309118032455444,1.9544463157653809
d512_ep18_sdpa,d512,18,4.9953,K,5,1,"(512, 128)",3.8293254375457764,25,3.884634256362915,1.0144435167312622,1.9495265483856201
d512_ep18_sdpa,d512,18,4.9953,V,5,1,"(512, 128)",31.123674392700195,30,2.960528612136841,0.09512143582105637,1.1001547574996948
d512_ep18_sdpa,d512,18,4.9953,Q,5,2,"(512, 128)",2.8999791145324707,26,2.9588968753814697,1.0203166007995605,1.9598156213760376
d512_ep18_sdpa,d512,18,4.9953,K,5,2,"(512, 128)",2.7834267616271973,25,2.9386656284332275,1.0557725429534912,1.9281089305877686
d512_ep18_sdpa,d512,18,4.9953,V,5,2,"(512, 128)",41.29423904418945,27,2.9398162364959717,0.07119192183017731,1.377524495124817
d512_ep18_sdpa,d512,18,4.9953,Q,5,3,"(512, 128)",2.7414474487304688,26,2.9075703620910645,1.0605968236923218,1.9359771013259888
d512_ep18_sdpa,d512,18,4.9953,K,5,3,"(512, 128)",2.765077829360962,26,2.867154836654663,1.0369164943695068,1.9245672225952148
d512_ep18_sdpa,d512,18,4.9953,V,5,3,"(512, 128)",3.1229190826416016,26,2.971341609954834,0.9514628648757935,1.9437068700790405
d512_ep18_sdpa,d512,18,4.9953,Wo,5,-1,"(512, 512)",inf,73,3.140772819519043,1.401298464324817e-45,0.7145478129386902
d512_ep18_sdpa,d512,18,4.9953,FFN_up,5,-1,"(2048, 512)",inf,102,2.7419192790985107,1.401298464324817e-45,1.0312129259109497
d512_ep18_sdpa,d512,18,4.9953,FFN_down,5,-1,"(512, 2048)",6.620832157921149e+31,97,2.799971342086792,4.2290322387887756e-32,0.9362697601318359
d512_ep18_sdpa,d512,18,4.9953,Q,6,0,"(512, 128)",2.9555094242095947,26,2.989076852798462,1.0113575458526611,1.9546821117401123
d512_ep18_sdpa,d512,18,4.9953,K,6,0,"(512, 128)",2.731792688369751,26,2.9528543949127197,1.0809218883514404,1.973649024963379
d512_ep18_sdpa,d512,18,4.9953,V,6,0,"(512, 128)",17.840335845947266,33,2.92769455909729,0.1641053557395935,1.2271969318389893
d512_ep18_sdpa,d512,18,4.9953,Q,6,1,"(512, 128)",2.8060078620910645,25,3.0385427474975586,1.082870364189148,1.9430818557739258
d512_ep18_sdpa,d512,18,4.9953,K,6,1,"(512, 128)",2.829076051712036,26,2.9528653621673584,1.043756127357483,1.932303786277771
d512_ep18_sdpa,d512,18,4.9953,V,6,1,"(512, 128)",21.923349380493164,31,3.019214153289795,0.13771682977676392,1.1552519798278809
d512_ep18_sdpa,d512,18,4.9953,Q,6,2,"(512, 128)",2.927678346633911,26,2.9265081882476807,0.999600350856781,1.94181489944458
d512_ep18_sdpa,d512,18,4.9953,K,6,2,"(512, 128)",2.8450896739959717,26,2.944047689437866,1.0347820520401,1.9491660594940186
d512_ep18_sdpa,d512,18,4.9953,V,6,2,"(512, 128)",8.813624382019043,30,2.9216794967651367,0.3314957916736603,1.5058836936950684
d512_ep18_sdpa,d512,18,4.9953,Q,6,3,"(512, 128)",2.925053596496582,26,2.982881546020508,1.0197699069976807,1.9464366436004639
d512_ep18_sdpa,d512,18,4.9953,K,6,3,"(512, 128)",2.834664821624756,26,2.960952043533325,1.0445510149002075,1.958179235458374
d512_ep18_sdpa,d512,18,4.9953,V,6,3,"(512, 128)",2.8180088996887207,26,2.971458911895752,1.0544533729553223,1.9511935710906982
d512_ep18_sdpa,d512,18,4.9953,Wo,6,-1,"(512, 512)",1.3192626416036106e+32,75,2.7025368213653564,2.0485206339297598e-32,0.7685009837150574
d512_ep18_sdpa,d512,18,4.9953,FFN_up,6,-1,"(2048, 512)",inf,98,3.3048534393310547,1.401298464324817e-45,1.0094000101089478
d512_ep18_sdpa,d512,18,4.9953,FFN_down,6,-1,"(512, 2048)",1.6080419436991208e+32,93,4.159212589263916,2.586507517165864e-32,0.9111257791519165
d512_ep18_sdpa,d512,18,4.9953,Q,7,0,"(512, 128)",3.0939559936523438,25,3.0418508052825928,0.9831590056419373,1.9428223371505737
d512_ep18_sdpa,d512,18,4.9953,K,7,0,"(512, 128)",2.9185049533843994,25,3.044947624206543,1.0433244705200195,1.9504566192626953
d512_ep18_sdpa,d512,18,4.9953,V,7,0,"(512, 128)",14.944270133972168,34,3.007949113845825,0.2012777477502823,1.2423373460769653
d512_ep18_sdpa,d512,18,4.9953,Q,7,1,"(512, 128)",2.8807833194732666,26,2.9776129722595215,1.0336122512817383,1.9800827503204346
d512_ep18_sdpa,d512,18,4.9953,K,7,1,"(512, 128)",2.898796558380127,26,3.060788869857788,1.0558825731277466,1.9720213413238525
d512_ep18_sdpa,d512,18,4.9953,V,7,1,"(512, 128)",20.444438934326172,33,3.160115957260132,0.15457093715667725,1.2172523736953735
d512_ep18_sdpa,d512,18,4.9953,Q,7,2,"(512, 128)",2.9871749877929688,25,3.0683631896972656,1.0271788835525513,1.9671002626419067
d512_ep18_sdpa,d512,18,4.9953,K,7,2,"(512, 128)",2.7650561332702637,26,2.9888434410095215,1.0809340476989746,1.9543660879135132
d512_ep18_sdpa,d512,18,4.9953,V,7,2,"(512, 128)",11.03510570526123,30,2.8916640281677246,0.26204225420951843,1.4749189615249634
d512_ep18_sdpa,d512,18,4.9953,Q,7,3,"(512, 128)",2.7114298343658447,26,2.928666591644287,1.0801188945770264,1.9410490989685059
d512_ep18_sdpa,d512,18,4.9953,K,7,3,"(512, 128)",2.74930739402771,25,2.9436893463134766,1.0707021951675415,1.9219558238983154
d512_ep18_sdpa,d512,18,4.9953,V,7,3,"(512, 128)",2.824467658996582,26,3.0197553634643555,1.0691413879394531,1.9557805061340332
d512_ep18_sdpa,d512,18,4.9953,Wo,7,-1,"(512, 512)",inf,81,2.3840243816375732,1.401298464324817e-45,0.7942973375320435
d512_ep18_sdpa,d512,18,4.9953,FFN_up,7,-1,"(2048, 512)",inf,92,4.8778300285339355,1.401298464324817e-45,1.0698857307434082
d512_ep18_sdpa,d512,18,4.9953,FFN_down,7,-1,"(512, 2048)",1.1255709646365939e+32,89,3.436023712158203,3.052693883022598e-32,0.9404439330101013
d512_ep18_sdpa,d512,18,4.9953,upscale,-1,-1,"(512, 256)",34980.8203125,76,5.008584022521973,0.00014318086323328316,1.108609914779663
d512_ep18_sdpa,d512,18,4.9953,downscale,-1,-1,"(256, 512)",8.511900901794434,88,2.3947176933288574,0.28133758902549744,1.08998703956604
